gender,month,P01,P1,P3,P5,P10,P15,P25,P50,P75,P85,P90,P95,P97,P99,P999
female,0, 9.95 , 10.81 , 11.33 , 11.61 , 12.06 , 12.36 , 12.81 , 13.69 , 14.60 , 15.10 , 15.44 , 15.97 , 16.31 , 16.97 , 18.14 
female,1, 11.25 , 12.15 , 12.71 , 13.01 , 13.48 , 13.80 , 14.29 , 15.24 , 16.24 , 16.79 , 17.17 , 17.75 , 18.14 , 18.88 , 20.20 
female,2, 12.01 , 12.92 , 13.48 , 13.79 , 14.27 , 14.60 , 15.11 , 16.09 , 17.13 , 17.71 , 18.12 , 18.73 , 19.14 , 19.93 , 21.36 
female,3, 12.43 , 13.34 , 13.90 , 14.20 , 14.69 , 15.02 , 15.53 , 16.53 , 17.59 , 18.18 , 18.60 , 19.23 , 19.65 , 20.47 , 21.95 
female,4, 12.67 , 13.57 , 14.13 , 14.44 , 14.92 , 15.25 , 15.76 , 16.76 , 17.83 , 18.43 , 18.85 , 19.49 , 19.92 , 20.76 , 22.28 
female,5, 12.81 , 13.71 , 14.26 , 14.56 , 15.04 , 15.37 , 15.88 , 16.88 , 17.95 , 18.55 , 18.98 , 19.62 , 20.05 , 20.90 , 22.44 
female,6, 12.88 , 13.76 , 14.31 , 14.61 , 15.08 , 15.41 , 15.92 , 16.91 , 17.98 , 18.58 , 19.00 , 19.65 , 20.08 , 20.93 , 22.49 
female,7, 12.89 , 13.76 , 14.30 , 14.60 , 15.07 , 15.39 , 15.89 , 16.88 , 17.93 , 18.54 , 18.96 , 19.60 , 20.04 , 20.89 , 22.45 
female,8, 12.87 , 13.72 , 14.25 , 14.54 , 15.00 , 15.33 , 15.82 , 16.79 , 17.84 , 18.44 , 18.86 , 19.50 , 19.93 , 20.78 , 22.35 
female,9, 12.81 , 13.65 , 14.17 , 14.46 , 14.91 , 15.23 , 15.72 , 16.68 , 17.72 , 18.31 , 18.73 , 19.37 , 19.80 , 20.64 , 22.20 
female,10, 12.74 , 13.56 , 14.08 , 14.36 , 14.81 , 15.12 , 15.60 , 16.55 , 17.58 , 18.17 , 18.58 , 19.21 , 19.64 , 20.48 , 22.04 
female,11, 12.66 , 13.47 , 13.98 , 14.26 , 14.70 , 15.01 , 15.48 , 16.42 , 17.44 , 18.02 , 18.43 , 19.06 , 19.48 , 20.32 , 21.87 
female,12, 12.58 , 13.38 , 13.88 , 14.16 , 14.59 , 14.90 , 15.37 , 16.29 , 17.30 , 17.87 , 18.28 , 18.90 , 19.32 , 20.15 , 21.70 
female,13, 12.51 , 13.30 , 13.79 , 14.06 , 14.49 , 14.79 , 15.26 , 16.17 , 17.17 , 17.74 , 18.14 , 18.76 , 19.18 , 20.00 , 21.54 
female,14, 12.44 , 13.22 , 13.70 , 13.97 , 14.40 , 14.69 , 15.15 , 16.06 , 17.04 , 17.61 , 18.01 , 18.62 , 19.04 , 19.86 , 21.39 
female,15, 12.38 , 13.14 , 13.62 , 13.89 , 14.31 , 14.60 , 15.05 , 15.95 , 16.93 , 17.49 , 17.89 , 18.50 , 18.91 , 19.73 , 21.25 
female,16, 12.32 , 13.07 , 13.55 , 13.81 , 14.23 , 14.52 , 14.97 , 15.86 , 16.83 , 17.38 , 17.78 , 18.38 , 18.79 , 19.61 , 21.12 
female,17, 12.26 , 13.01 , 13.48 , 13.74 , 14.15 , 14.44 , 14.89 , 15.77 , 16.73 , 17.28 , 17.67 , 18.28 , 18.69 , 19.49 , 21.01 
female,18, 12.22 , 12.96 , 13.42 , 13.68 , 14.09 , 14.37 , 14.81 , 15.69 , 16.65 , 17.20 , 17.58 , 18.18 , 18.59 , 19.40 , 20.91 
female,19, 12.17 , 12.91 , 13.37 , 13.62 , 14.03 , 14.31 , 14.75 , 15.62 , 16.57 , 17.12 , 17.50 , 18.10 , 18.50 , 19.31 , 20.81 
female,20, 12.14 , 12.87 , 13.32 , 13.57 , 13.98 , 14.26 , 14.69 , 15.56 , 16.50 , 17.05 , 17.43 , 18.03 , 18.43 , 19.23 , 20.73 
female,21, 12.11 , 12.83 , 13.28 , 13.53 , 13.93 , 14.21 , 14.64 , 15.50 , 16.44 , 16.98 , 17.37 , 17.96 , 18.36 , 19.16 , 20.66 
female,22, 12.08 , 12.80 , 13.25 , 13.50 , 13.90 , 14.18 , 14.60 , 15.46 , 16.39 , 16.93 , 17.32 , 17.91 , 18.31 , 19.10 , 20.60 
female,23, 12.06 , 12.78 , 13.22 , 13.47 , 13.87 , 14.14 , 14.57 , 15.42 , 16.35 , 16.89 , 17.27 , 17.86 , 18.26 , 19.06 , 20.56 
female,24, 12.29 , 13.01 , 13.46 , 13.71 , 14.11 , 14.39 , 14.82 , 15.67 , 16.61 , 17.15 , 17.53 , 18.12 , 18.52 , 19.31 , 20.80 
female,25, 12.26 , 12.99 , 13.44 , 13.69 , 14.08 , 14.36 , 14.79 , 15.65 , 16.58 , 17.12 , 17.50 , 18.08 , 18.48 , 19.27 , 20.76 
female,26, 12.24 , 12.96 , 13.41 , 13.66 , 14.06 , 14.34 , 14.77 , 15.62 , 16.55 , 17.09 , 17.46 , 18.05 , 18.45 , 19.24 , 20.72 
female,27, 12.22 , 12.94 , 13.39 , 13.64 , 14.04 , 14.31 , 14.74 , 15.59 , 16.52 , 17.06 , 17.43 , 18.02 , 18.41 , 19.20 , 20.68 
female,28, 12.20 , 12.92 , 13.37 , 13.62 , 14.01 , 14.29 , 14.72 , 15.57 , 16.49 , 17.03 , 17.40 , 17.99 , 18.38 , 19.17 , 20.64 
female,29, 12.18 , 12.90 , 13.35 , 13.60 , 13.99 , 14.27 , 14.69 , 15.54 , 16.47 , 17.00 , 17.38 , 17.96 , 18.35 , 19.14 , 20.61 
female,30, 12.16 , 12.88 , 13.33 , 13.57 , 13.97 , 14.25 , 14.67 , 15.52 , 16.44 , 16.97 , 17.35 , 17.93 , 18.33 , 19.11 , 20.58 
female,31, 12.14 , 12.86 , 13.31 , 13.55 , 13.95 , 14.22 , 14.65 , 15.49 , 16.42 , 16.95 , 17.32 , 17.91 , 18.30 , 19.08 , 20.55 
female,32, 12.12 , 12.84 , 13.28 , 13.53 , 13.92 , 14.20 , 14.62 , 15.47 , 16.39 , 16.92 , 17.30 , 17.88 , 18.28 , 19.06 , 20.53 
female,33, 12.10 , 12.81 , 13.26 , 13.51 , 13.90 , 14.18 , 14.60 , 15.45 , 16.37 , 16.90 , 17.28 , 17.86 , 18.26 , 19.04 , 20.51 
female,34, 12.08 , 12.79 , 13.24 , 13.49 , 13.88 , 14.16 , 14.58 , 15.43 , 16.35 , 16.88 , 17.26 , 17.84 , 18.24 , 19.02 , 20.50 
female,35, 12.05 , 12.77 , 13.22 , 13.46 , 13.86 , 14.13 , 14.56 , 15.41 , 16.33 , 16.87 , 17.24 , 17.83 , 18.22 , 19.01 , 20.49 
female,36, 12.03 , 12.75 , 13.19 , 13.44 , 13.84 , 14.11 , 14.54 , 15.39 , 16.32 , 16.85 , 17.23 , 17.82 , 18.22 , 19.00 , 20.49 
female,37, 12.01 , 12.72 , 13.17 , 13.42 , 13.82 , 14.09 , 14.52 , 15.37 , 16.30 , 16.84 , 17.22 , 17.81 , 18.21 , 19.00 , 20.50 
female,38, 11.98 , 12.70 , 13.15 , 13.40 , 13.79 , 14.07 , 14.50 , 15.36 , 16.29 , 16.83 , 17.22 , 17.81 , 18.21 , 19.01 , 20.51 
female,39, 11.95 , 12.67 , 13.13 , 13.38 , 13.77 , 14.05 , 14.48 , 15.34 , 16.28 , 16.83 , 17.21 , 17.81 , 18.21 , 19.01 , 20.52 
female,40, 11.93 , 12.65 , 13.10 , 13.35 , 13.75 , 14.04 , 14.47 , 15.33 , 16.28 , 16.82 , 17.21 , 17.81 , 18.21 , 19.02 , 20.54 
female,41, 11.90 , 12.63 , 13.08 , 13.33 , 13.73 , 14.02 , 14.45 , 15.32 , 16.27 , 16.82 , 17.21 , 17.81 , 18.22 , 19.03 , 20.57 
female,42, 11.87 , 12.60 , 13.06 , 13.31 , 13.71 , 14.00 , 14.43 , 15.31 , 16.26 , 16.82 , 17.21 , 17.82 , 18.23 , 19.05 , 20.60 
female,43, 11.85 , 12.58 , 13.04 , 13.29 , 13.70 , 13.98 , 14.42 , 15.30 , 16.26 , 16.82 , 17.21 , 17.82 , 18.24 , 19.06 , 20.63 
female,44, 11.82 , 12.55 , 13.01 , 13.27 , 13.68 , 13.96 , 14.40 , 15.29 , 16.26 , 16.82 , 17.21 , 17.83 , 18.25 , 19.08 , 20.66 
female,45, 11.79 , 12.53 , 12.99 , 13.25 , 13.66 , 13.95 , 14.39 , 15.28 , 16.25 , 16.82 , 17.22 , 17.84 , 18.26 , 19.10 , 20.69 
female,46, 11.77 , 12.51 , 12.97 , 13.23 , 13.64 , 13.93 , 14.38 , 15.27 , 16.25 , 16.82 , 17.22 , 17.85 , 18.27 , 19.12 , 20.73 
female,47, 11.75 , 12.49 , 12.95 , 13.21 , 13.63 , 13.92 , 14.37 , 15.26 , 16.25 , 16.82 , 17.23 , 17.86 , 18.29 , 19.14 , 20.76 
female,48, 11.72 , 12.47 , 12.94 , 13.20 , 13.61 , 13.91 , 14.36 , 15.26 , 16.25 , 16.83 , 17.24 , 17.87 , 18.30 , 19.17 , 20.80 
female,49, 11.70 , 12.45 , 12.92 , 13.18 , 13.60 , 13.89 , 14.35 , 15.25 , 16.25 , 16.84 , 17.25 , 17.89 , 18.32 , 19.19 , 20.84 
female,50, 11.68 , 12.43 , 12.91 , 13.17 , 13.59 , 13.88 , 14.34 , 15.25 , 16.26 , 16.84 , 17.26 , 17.90 , 18.34 , 19.22 , 20.88 
female,51, 11.66 , 12.42 , 12.89 , 13.16 , 13.58 , 13.87 , 14.33 , 15.25 , 16.26 , 16.85 , 17.27 , 17.92 , 18.36 , 19.25 , 20.93 
female,52, 11.65 , 12.40 , 12.88 , 13.14 , 13.57 , 13.87 , 14.33 , 15.25 , 16.27 , 16.86 , 17.28 , 17.94 , 18.38 , 19.28 , 20.97 
female,53, 11.63 , 12.39 , 12.87 , 13.13 , 13.56 , 13.86 , 14.32 , 15.25 , 16.28 , 16.87 , 17.30 , 17.96 , 18.41 , 19.31 , 21.02 
female,54, 11.61 , 12.38 , 12.86 , 13.12 , 13.55 , 13.85 , 14.32 , 15.25 , 16.29 , 16.89 , 17.31 , 17.98 , 18.43 , 19.34 , 21.06 
female,55, 11.60 , 12.37 , 12.85 , 13.12 , 13.55 , 13.85 , 14.32 , 15.26 , 16.30 , 16.90 , 17.33 , 18.00 , 18.45 , 19.37 , 21.11 
female,56, 11.59 , 12.36 , 12.84 , 13.11 , 13.54 , 13.85 , 14.32 , 15.26 , 16.30 , 16.91 , 17.34 , 18.02 , 18.48 , 19.40 , 21.15 
female,57, 11.58 , 12.35 , 12.83 , 13.10 , 13.54 , 13.84 , 14.32 , 15.26 , 16.31 , 16.93 , 17.36 , 18.04 , 18.50 , 19.42 , 21.19 
female,58, 11.57 , 12.34 , 12.83 , 13.10 , 13.53 , 13.84 , 14.32 , 15.27 , 16.32 , 16.94 , 17.37 , 18.06 , 18.52 , 19.45 , 21.23 
female,59, 11.56 , 12.33 , 12.82 , 13.10 , 13.53 , 13.84 , 14.32 , 15.27 , 16.33 , 16.95 , 17.39 , 18.07 , 18.54 , 19.48 , 21.27 
female,60, 11.55 , 12.33 , 12.82 , 13.09 , 13.53 , 13.84 , 14.32 , 15.28 , 16.34 , 16.96 , 17.40 , 18.09 , 18.56 , 19.51 , 21.31 
female,61, 11.62 , 12.37 , 12.85 , 13.11 , 13.54 , 13.84 , 14.31 , 15.26 , 16.33 , 16.95 , 17.40 , 18.10 , 18.59 , 19.56 , 21.46 
female,62, 11.68 , 12.41 , 12.87 , 13.13 , 13.54 , 13.84 , 14.30 , 15.24 , 16.31 , 16.95 , 17.40 , 18.12 , 18.62 , 19.64 , 21.66 
female,63, 11.68 , 12.40 , 12.86 , 13.12 , 13.54 , 13.84 , 14.30 , 15.24 , 16.32 , 16.96 , 17.42 , 18.15 , 18.65 , 19.68 , 21.73 
female,64, 11.67 , 12.39 , 12.86 , 13.11 , 13.53 , 13.83 , 14.29 , 15.24 , 16.32 , 16.97 , 17.43 , 18.17 , 18.68 , 19.72 , 21.80 
female,65, 11.67 , 12.39 , 12.85 , 13.11 , 13.53 , 13.83 , 14.29 , 15.25 , 16.33 , 16.98 , 17.45 , 18.19 , 18.71 , 19.76 , 21.88 
female,66, 11.66 , 12.38 , 12.85 , 13.10 , 13.53 , 13.82 , 14.29 , 15.25 , 16.34 , 16.99 , 17.46 , 18.21 , 18.73 , 19.80 , 21.95 
female,67, 11.66 , 12.38 , 12.84 , 13.10 , 13.52 , 13.82 , 14.29 , 15.25 , 16.35 , 17.01 , 17.48 , 18.24 , 18.76 , 19.85 , 22.03 
female,68, 11.65 , 12.37 , 12.84 , 13.10 , 13.52 , 13.82 , 14.29 , 15.25 , 16.36 , 17.02 , 17.50 , 18.26 , 18.80 , 19.89 , 22.11 
female,69, 11.65 , 12.37 , 12.83 , 13.09 , 13.52 , 13.82 , 14.29 , 15.26 , 16.37 , 17.03 , 17.52 , 18.29 , 18.83 , 19.94 , 22.19 
female,70, 11.65 , 12.37 , 12.83 , 13.09 , 13.51 , 13.82 , 14.29 , 15.26 , 16.38 , 17.05 , 17.54 , 18.32 , 18.86 , 19.99 , 22.27 
female,71, 11.65 , 12.37 , 12.83 , 13.09 , 13.51 , 13.82 , 14.29 , 15.26 , 16.39 , 17.07 , 17.56 , 18.34 , 18.89 , 20.03 , 22.35 
female,72, 11.64 , 12.36 , 12.83 , 13.09 , 13.51 , 13.82 , 14.29 , 15.27 , 16.40 , 17.08 , 17.58 , 18.37 , 18.93 , 20.08 , 22.44 
female,73, 11.64 , 12.36 , 12.83 , 13.09 , 13.51 , 13.82 , 14.29 , 15.28 , 16.41 , 17.10 , 17.60 , 18.40 , 18.97 , 20.13 , 22.53 
female,74, 11.64 , 12.36 , 12.83 , 13.09 , 13.51 , 13.82 , 14.30 , 15.28 , 16.43 , 17.12 , 17.63 , 18.43 , 19.00 , 20.19 , 22.62 
female,75, 11.64 , 12.36 , 12.83 , 13.09 , 13.52 , 13.82 , 14.30 , 15.29 , 16.44 , 17.14 , 17.65 , 18.47 , 19.04 , 20.24 , 22.72 
female,76, 11.64 , 12.36 , 12.83 , 13.09 , 13.52 , 13.82 , 14.30 , 15.30 , 16.46 , 17.16 , 17.67 , 18.50 , 19.08 , 20.30 , 22.81 
female,77, 11.64 , 12.36 , 12.83 , 13.09 , 13.52 , 13.83 , 14.31 , 15.31 , 16.48 , 17.18 , 17.70 , 18.53 , 19.12 , 20.35 , 22.91 
female,78, 11.65 , 12.37 , 12.83 , 13.10 , 13.53 , 13.83 , 14.32 , 15.32 , 16.49 , 17.21 , 17.73 , 18.57 , 19.17 , 20.41 , 23.01 
female,79, 11.65 , 12.37 , 12.84 , 13.10 , 13.53 , 13.84 , 14.32 , 15.33 , 16.51 , 17.23 , 17.76 , 18.61 , 19.21 , 20.47 , 23.12 
female,80, 11.65 , 12.37 , 12.84 , 13.10 , 13.54 , 13.84 , 14.33 , 15.34 , 16.53 , 17.26 , 17.79 , 18.65 , 19.25 , 20.53 , 23.22 
female,81, 11.65 , 12.38 , 12.85 , 13.11 , 13.54 , 13.85 , 14.34 , 15.36 , 16.55 , 17.28 , 17.82 , 18.69 , 19.30 , 20.59 , 23.33 
female,82, 11.66 , 12.38 , 12.85 , 13.12 , 13.55 , 13.86 , 14.35 , 15.37 , 16.57 , 17.31 , 17.85 , 18.73 , 19.35 , 20.66 , 23.44 
female,83, 11.66 , 12.39 , 12.86 , 13.12 , 13.56 , 13.87 , 14.36 , 15.39 , 16.60 , 17.34 , 17.88 , 18.77 , 19.40 , 20.73 , 23.56 
female,84, 11.67 , 12.39 , 12.87 , 13.13 , 13.57 , 13.88 , 14.37 , 15.40 , 16.62 , 17.37 , 17.92 , 18.81 , 19.45 , 20.79 , 23.67 
female,85, 11.68 , 12.40 , 12.87 , 13.14 , 13.58 , 13.89 , 14.38 , 15.42 , 16.65 , 17.40 , 17.95 , 18.86 , 19.50 , 20.86 , 23.79 
female,86, 11.69 , 12.41 , 12.88 , 13.15 , 13.59 , 13.90 , 14.40 , 15.44 , 16.67 , 17.43 , 17.99 , 18.90 , 19.55 , 20.94 , 23.91 
female,87, 11.69 , 12.42 , 12.89 , 13.16 , 13.60 , 13.91 , 14.41 , 15.46 , 16.70 , 17.46 , 18.03 , 18.95 , 19.61 , 21.01 , 24.04 
female,88, 11.70 , 12.43 , 12.90 , 13.17 , 13.61 , 13.93 , 14.43 , 15.48 , 16.73 , 17.50 , 18.07 , 19.00 , 19.67 , 21.08 , 24.17 
female,89, 11.71 , 12.44 , 12.92 , 13.18 , 13.63 , 13.94 , 14.44 , 15.50 , 16.76 , 17.53 , 18.11 , 19.05 , 19.72 , 21.16 , 24.30 
female,90, 11.72 , 12.45 , 12.93 , 13.20 , 13.64 , 13.96 , 14.46 , 15.52 , 16.79 , 17.57 , 18.15 , 19.10 , 19.78 , 21.24 , 24.43 
female,91, 11.73 , 12.46 , 12.94 , 13.21 , 13.66 , 13.97 , 14.48 , 15.55 , 16.82 , 17.61 , 18.20 , 19.15 , 19.84 , 21.32 , 24.56 
female,92, 11.75 , 12.48 , 12.95 , 13.23 , 13.67 , 13.99 , 14.50 , 15.57 , 16.85 , 17.65 , 18.24 , 19.21 , 19.91 , 21.40 , 24.70 
female,93, 11.76 , 12.49 , 12.97 , 13.24 , 13.69 , 14.01 , 14.52 , 15.60 , 16.89 , 17.69 , 18.29 , 19.26 , 19.97 , 21.48 , 24.84 
female,94, 11.77 , 12.50 , 12.98 , 13.26 , 13.71 , 14.03 , 14.54 , 15.63 , 16.92 , 17.73 , 18.33 , 19.32 , 20.03 , 21.57 , 24.98 
female,95, 11.78 , 12.52 , 13.00 , 13.28 , 13.72 , 14.05 , 14.56 , 15.65 , 16.96 , 17.77 , 18.38 , 19.38 , 20.10 , 21.65 , 25.12 
female,96, 11.80 , 12.54 , 13.02 , 13.29 , 13.74 , 14.07 , 14.59 , 15.68 , 17.00 , 17.82 , 18.43 , 19.44 , 20.17 , 21.74 , 25.27 
female,97, 11.81 , 12.55 , 13.04 , 13.31 , 13.76 , 14.09 , 14.61 , 15.71 , 17.03 , 17.86 , 18.48 , 19.50 , 20.24 , 21.83 , 25.42 
female,98, 11.83 , 12.57 , 13.06 , 13.33 , 13.79 , 14.11 , 14.64 , 15.74 , 17.07 , 17.91 , 18.53 , 19.56 , 20.31 , 21.92 , 25.57 
female,99, 11.85 , 12.59 , 13.08 , 13.35 , 13.81 , 14.14 , 14.66 , 15.77 , 17.11 , 17.96 , 18.59 , 19.62 , 20.38 , 22.01 , 25.72 
female,100, 11.86 , 12.61 , 13.10 , 13.37 , 13.83 , 14.16 , 14.69 , 15.81 , 17.16 , 18.00 , 18.64 , 19.69 , 20.45 , 22.10 , 25.87 
female,101, 11.88 , 12.63 , 13.12 , 13.40 , 13.85 , 14.19 , 14.72 , 15.84 , 17.20 , 18.05 , 18.69 , 19.75 , 20.52 , 22.20 , 26.03 
female,102, 11.90 , 12.65 , 13.14 , 13.42 , 13.88 , 14.21 , 14.74 , 15.87 , 17.24 , 18.10 , 18.75 , 19.82 , 20.60 , 22.29 , 26.18 
female,103, 11.92 , 12.67 , 13.16 , 13.44 , 13.90 , 14.24 , 14.77 , 15.91 , 17.29 , 18.15 , 18.81 , 19.89 , 20.67 , 22.39 , 26.34 
female,104, 11.93 , 12.69 , 13.18 , 13.47 , 13.93 , 14.27 , 14.80 , 15.95 , 17.33 , 18.21 , 18.86 , 19.95 , 20.75 , 22.49 , 26.50 
female,105, 11.95 , 12.71 , 13.21 , 13.49 , 13.96 , 14.29 , 14.83 , 15.98 , 17.38 , 18.26 , 18.92 , 20.02 , 20.83 , 22.58 , 26.66 
female,106, 11.97 , 12.73 , 13.23 , 13.51 , 13.98 , 14.32 , 14.86 , 16.02 , 17.42 , 18.31 , 18.98 , 20.09 , 20.90 , 22.68 , 26.82 
female,107, 11.99 , 12.75 , 13.25 , 13.54 , 14.01 , 14.35 , 14.90 , 16.06 , 17.47 , 18.37 , 19.04 , 20.16 , 20.98 , 22.78 , 26.98 
female,108, 12.01 , 12.78 , 13.28 , 13.57 , 14.04 , 14.38 , 14.93 , 16.10 , 17.52 , 18.42 , 19.10 , 20.23 , 21.06 , 22.88 , 27.14 
female,109, 12.04 , 12.80 , 13.31 , 13.59 , 14.07 , 14.41 , 14.96 , 16.14 , 17.57 , 18.48 , 19.16 , 20.31 , 21.14 , 22.98 , 27.31 
female,110, 12.06 , 12.82 , 13.33 , 13.62 , 14.10 , 14.44 , 14.99 , 16.18 , 17.62 , 18.54 , 19.23 , 20.38 , 21.22 , 23.08 , 27.47 
female,111, 12.08 , 12.85 , 13.36 , 13.65 , 14.13 , 14.47 , 15.03 , 16.22 , 17.67 , 18.59 , 19.29 , 20.45 , 21.30 , 23.19 , 27.63 
female,112, 12.10 , 12.87 , 13.38 , 13.68 , 14.16 , 14.51 , 15.06 , 16.26 , 17.72 , 18.65 , 19.35 , 20.52 , 21.39 , 23.29 , 27.80 
female,113, 12.12 , 12.90 , 13.41 , 13.70 , 14.19 , 14.54 , 15.10 , 16.30 , 17.77 , 18.71 , 19.42 , 20.60 , 21.47 , 23.39 , 27.96 
female,114, 12.15 , 12.92 , 13.44 , 13.73 , 14.22 , 14.57 , 15.13 , 16.34 , 17.82 , 18.77 , 19.48 , 20.67 , 21.55 , 23.49 , 28.12 
female,115, 12.17 , 12.95 , 13.47 , 13.76 , 14.25 , 14.61 , 15.17 , 16.39 , 17.88 , 18.83 , 19.55 , 20.75 , 21.64 , 23.60 , 28.29 
female,116, 12.19 , 12.98 , 13.50 , 13.79 , 14.28 , 14.64 , 15.21 , 16.43 , 17.93 , 18.89 , 19.61 , 20.83 , 21.72 , 23.70 , 28.45 
female,117, 12.22 , 13.00 , 13.53 , 13.82 , 14.32 , 14.67 , 15.25 , 16.48 , 17.98 , 18.95 , 19.68 , 20.90 , 21.80 , 23.81 , 28.61 
female,118, 12.24 , 13.03 , 13.56 , 13.85 , 14.35 , 14.71 , 15.28 , 16.52 , 18.04 , 19.01 , 19.75 , 20.98 , 21.89 , 23.91 , 28.77 
female,119, 12.26 , 13.06 , 13.59 , 13.89 , 14.38 , 14.75 , 15.32 , 16.57 , 18.10 , 19.07 , 19.82 , 21.06 , 21.98 , 24.02 , 28.94 
female,120, 12.29 , 13.09 , 13.62 , 13.92 , 14.42 , 14.78 , 15.36 , 16.61 , 18.15 , 19.14 , 19.88 , 21.14 , 22.06 , 24.12 , 29.10 
female,121, 12.32 , 13.12 , 13.65 , 13.95 , 14.45 , 14.82 , 15.40 , 16.66 , 18.21 , 19.20 , 19.95 , 21.22 , 22.15 , 24.23 , 29.26 
female,122, 12.34 , 13.15 , 13.68 , 13.99 , 14.49 , 14.86 , 15.45 , 16.71 , 18.27 , 19.27 , 20.03 , 21.30 , 22.24 , 24.34 , 29.42 
female,123, 12.37 , 13.18 , 13.71 , 14.02 , 14.53 , 14.90 , 15.49 , 16.76 , 18.33 , 19.33 , 20.10 , 21.38 , 22.33 , 24.44 , 29.58 
female,124, 12.40 , 13.21 , 13.75 , 14.06 , 14.57 , 14.94 , 15.53 , 16.81 , 18.39 , 19.40 , 20.17 , 21.46 , 22.42 , 24.55 , 29.74 
female,125, 12.42 , 13.24 , 13.78 , 14.09 , 14.60 , 14.98 , 15.57 , 16.86 , 18.45 , 19.47 , 20.24 , 21.55 , 22.51 , 24.66 , 29.90 
female,126, 12.45 , 13.27 , 13.82 , 14.13 , 14.64 , 15.02 , 15.62 , 16.91 , 18.51 , 19.54 , 20.32 , 21.63 , 22.60 , 24.77 , 30.06 
female,127, 12.48 , 13.31 , 13.85 , 14.17 , 14.68 , 15.06 , 15.66 , 16.97 , 18.58 , 19.61 , 20.39 , 21.71 , 22.69 , 24.88 , 30.22 
female,128, 12.51 , 13.34 , 13.89 , 14.20 , 14.72 , 15.10 , 15.71 , 17.02 , 18.64 , 19.68 , 20.47 , 21.80 , 22.79 , 24.99 , 30.38 
female,129, 12.54 , 13.37 , 13.93 , 14.24 , 14.77 , 15.15 , 15.76 , 17.08 , 18.71 , 19.75 , 20.55 , 21.89 , 22.88 , 25.10 , 30.53 
female,130, 12.57 , 13.41 , 13.96 , 14.28 , 14.81 , 15.19 , 15.81 , 17.13 , 18.77 , 19.82 , 20.63 , 21.97 , 22.98 , 25.21 , 30.69 
female,131, 12.60 , 13.44 , 14.00 , 14.32 , 14.85 , 15.24 , 15.85 , 17.19 , 18.84 , 19.90 , 20.71 , 22.06 , 23.07 , 25.33 , 30.85 
female,132, 12.63 , 13.48 , 14.04 , 14.36 , 14.90 , 15.28 , 15.90 , 17.25 , 18.91 , 19.97 , 20.79 , 22.15 , 23.17 , 25.44 , 31.00 
female,133, 12.67 , 13.52 , 14.08 , 14.41 , 14.94 , 15.33 , 15.96 , 17.30 , 18.97 , 20.05 , 20.87 , 22.24 , 23.26 , 25.55 , 31.16 
female,134, 12.70 , 13.55 , 14.12 , 14.45 , 14.99 , 15.38 , 16.01 , 17.36 , 19.04 , 20.13 , 20.95 , 22.33 , 23.36 , 25.66 , 31.31 
female,135, 12.73 , 13.59 , 14.16 , 14.49 , 15.03 , 15.43 , 16.06 , 17.42 , 19.11 , 20.20 , 21.03 , 22.42 , 23.46 , 25.78 , 31.46 
female,136, 12.77 , 13.63 , 14.21 , 14.53 , 15.08 , 15.48 , 16.11 , 17.49 , 19.19 , 20.28 , 21.11 , 22.52 , 23.56 , 25.89 , 31.61 
female,137, 12.80 , 13.67 , 14.25 , 14.58 , 15.13 , 15.53 , 16.16 , 17.55 , 19.26 , 20.36 , 21.20 , 22.61 , 23.66 , 26.01 , 31.76 
female,138, 12.84 , 13.71 , 14.29 , 14.62 , 15.17 , 15.58 , 16.22 , 17.61 , 19.33 , 20.44 , 21.28 , 22.70 , 23.76 , 26.12 , 31.91 
female,139, 12.87 , 13.75 , 14.33 , 14.67 , 15.22 , 15.63 , 16.27 , 17.67 , 19.40 , 20.52 , 21.37 , 22.80 , 23.86 , 26.24 , 32.06 
female,140, 12.91 , 13.79 , 14.38 , 14.71 , 15.27 , 15.68 , 16.33 , 17.74 , 19.48 , 20.60 , 21.45 , 22.89 , 23.96 , 26.35 , 32.21 
female,141, 12.94 , 13.83 , 14.42 , 14.76 , 15.32 , 15.73 , 16.38 , 17.80 , 19.55 , 20.68 , 21.54 , 22.99 , 24.06 , 26.47 , 32.35 
female,142, 12.98 , 13.87 , 14.47 , 14.81 , 15.37 , 15.78 , 16.44 , 17.87 , 19.63 , 20.76 , 21.63 , 23.08 , 24.16 , 26.58 , 32.50 
female,143, 13.02 , 13.91 , 14.51 , 14.86 , 15.42 , 15.84 , 16.50 , 17.93 , 19.71 , 20.85 , 21.72 , 23.18 , 24.26 , 26.69 , 32.64 
female,144, 13.05 , 13.96 , 14.56 , 14.90 , 15.47 , 15.89 , 16.56 , 18.00 , 19.78 , 20.93 , 21.80 , 23.28 , 24.37 , 26.81 , 32.78 
female,145, 13.09 , 14.00 , 14.60 , 14.95 , 15.52 , 15.94 , 16.61 , 18.06 , 19.86 , 21.01 , 21.89 , 23.37 , 24.47 , 26.92 , 32.92 
female,146, 13.13 , 14.04 , 14.65 , 15.00 , 15.58 , 16.00 , 16.67 , 18.13 , 19.94 , 21.10 , 21.98 , 23.47 , 24.57 , 27.04 , 33.06 
female,147, 13.16 , 14.08 , 14.70 , 15.05 , 15.63 , 16.05 , 16.73 , 18.20 , 20.01 , 21.18 , 22.07 , 23.56 , 24.67 , 27.15 , 33.20 
female,148, 13.20 , 14.13 , 14.74 , 15.10 , 15.68 , 16.11 , 16.79 , 18.26 , 20.09 , 21.26 , 22.16 , 23.66 , 24.78 , 27.27 , 33.33 
female,149, 13.24 , 14.17 , 14.79 , 15.15 , 15.73 , 16.16 , 16.85 , 18.33 , 20.17 , 21.35 , 22.25 , 23.76 , 24.88 , 27.38 , 33.46 
female,150, 13.28 , 14.21 , 14.84 , 15.19 , 15.79 , 16.22 , 16.91 , 18.40 , 20.25 , 21.43 , 22.34 , 23.85 , 24.98 , 27.49 , 33.59 
female,151, 13.31 , 14.26 , 14.88 , 15.24 , 15.84 , 16.27 , 16.97 , 18.47 , 20.32 , 21.52 , 22.42 , 23.95 , 25.08 , 27.60 , 33.72 
female,152, 13.35 , 14.30 , 14.93 , 15.29 , 15.89 , 16.33 , 17.02 , 18.53 , 20.40 , 21.60 , 22.51 , 24.04 , 25.18 , 27.71 , 33.85 
female,153, 13.39 , 14.34 , 14.98 , 15.34 , 15.94 , 16.38 , 17.08 , 18.60 , 20.48 , 21.68 , 22.60 , 24.14 , 25.28 , 27.82 , 33.97 
female,154, 13.43 , 14.39 , 15.02 , 15.39 , 15.99 , 16.44 , 17.14 , 18.67 , 20.56 , 21.77 , 22.69 , 24.23 , 25.38 , 27.93 , 34.10 
female,155, 13.46 , 14.43 , 15.07 , 15.44 , 16.05 , 16.49 , 17.20 , 18.74 , 20.63 , 21.85 , 22.77 , 24.33 , 25.48 , 28.04 , 34.22 
female,156, 13.50 , 14.47 , 15.12 , 15.49 , 16.10 , 16.54 , 17.26 , 18.80 , 20.71 , 21.93 , 22.86 , 24.42 , 25.57 , 28.14 , 34.33 
female,157, 13.54 , 14.51 , 15.16 , 15.53 , 16.15 , 16.60 , 17.32 , 18.87 , 20.78 , 22.01 , 22.95 , 24.51 , 25.67 , 28.25 , 34.45 
female,158, 13.57 , 14.55 , 15.21 , 15.58 , 16.20 , 16.65 , 17.37 , 18.93 , 20.86 , 22.09 , 23.03 , 24.61 , 25.77 , 28.35 , 34.56 
female,159, 13.61 , 14.60 , 15.25 , 15.63 , 16.25 , 16.71 , 17.43 , 19.00 , 20.93 , 22.18 , 23.12 , 24.70 , 25.86 , 28.45 , 34.67 
female,160, 13.64 , 14.64 , 15.30 , 15.68 , 16.30 , 16.76 , 17.49 , 19.06 , 21.01 , 22.26 , 23.20 , 24.79 , 25.96 , 28.56 , 34.78 
female,161, 13.68 , 14.68 , 15.34 , 15.72 , 16.35 , 16.81 , 17.54 , 19.13 , 21.08 , 22.34 , 23.28 , 24.88 , 26.05 , 28.66 , 34.88 
female,162, 13.71 , 14.72 , 15.39 , 15.77 , 16.40 , 16.86 , 17.60 , 19.19 , 21.16 , 22.41 , 23.37 , 24.96 , 26.14 , 28.75 , 34.99 
female,163, 13.75 , 14.76 , 15.43 , 15.81 , 16.45 , 16.91 , 17.66 , 19.26 , 21.23 , 22.49 , 23.45 , 25.05 , 26.23 , 28.85 , 35.09 
female,164, 13.78 , 14.80 , 15.47 , 15.86 , 16.50 , 16.97 , 17.71 , 19.32 , 21.30 , 22.57 , 23.53 , 25.14 , 26.32 , 28.95 , 35.19 
female,165, 13.82 , 14.84 , 15.52 , 15.90 , 16.55 , 17.02 , 17.77 , 19.38 , 21.37 , 22.65 , 23.61 , 25.22 , 26.41 , 29.04 , 35.28 
female,166, 13.85 , 14.88 , 15.56 , 15.95 , 16.60 , 17.07 , 17.82 , 19.44 , 21.44 , 22.72 , 23.69 , 25.31 , 26.50 , 29.13 , 35.37 
female,167, 13.88 , 14.91 , 15.60 , 15.99 , 16.64 , 17.12 , 17.87 , 19.50 , 21.51 , 22.80 , 23.77 , 25.39 , 26.58 , 29.22 , 35.46 
female,168, 13.91 , 14.95 , 15.64 , 16.04 , 16.69 , 17.16 , 17.93 , 19.57 , 21.58 , 22.87 , 23.84 , 25.47 , 26.67 , 29.31 , 35.55 
female,169, 13.94 , 14.99 , 15.68 , 16.08 , 16.73 , 17.21 , 17.98 , 19.62 , 21.65 , 22.94 , 23.92 , 25.55 , 26.75 , 29.40 , 35.63 
female,170, 13.97 , 15.02 , 15.72 , 16.12 , 16.78 , 17.26 , 18.03 , 19.68 , 21.72 , 23.01 , 23.99 , 25.63 , 26.83 , 29.48 , 35.72 
female,171, 14.00 , 15.06 , 15.76 , 16.16 , 16.82 , 17.31 , 18.08 , 19.74 , 21.78 , 23.08 , 24.07 , 25.71 , 26.91 , 29.57 , 35.80 
female,172, 14.03 , 15.09 , 15.80 , 16.20 , 16.87 , 17.35 , 18.13 , 19.80 , 21.85 , 23.15 , 24.14 , 25.78 , 26.99 , 29.65 , 35.88 
female,173, 14.06 , 15.13 , 15.83 , 16.24 , 16.91 , 17.40 , 18.18 , 19.85 , 21.91 , 23.22 , 24.21 , 25.86 , 27.07 , 29.73 , 35.95 
female,174, 14.09 , 15.16 , 15.87 , 16.28 , 16.95 , 17.44 , 18.22 , 19.91 , 21.97 , 23.29 , 24.28 , 25.93 , 27.14 , 29.81 , 36.02 
female,175, 14.12 , 15.19 , 15.91 , 16.32 , 16.99 , 17.48 , 18.27 , 19.96 , 22.03 , 23.35 , 24.35 , 26.00 , 27.22 , 29.88 , 36.09 
female,176, 14.14 , 15.22 , 15.94 , 16.35 , 17.03 , 17.53 , 18.32 , 20.01 , 22.09 , 23.41 , 24.41 , 26.07 , 27.29 , 29.96 , 36.16 
female,177, 14.17 , 15.26 , 15.98 , 16.39 , 17.07 , 17.57 , 18.36 , 20.07 , 22.15 , 23.48 , 24.48 , 26.14 , 27.36 , 30.03 , 36.23 
female,178, 14.19 , 15.29 , 16.01 , 16.43 , 17.11 , 17.61 , 18.40 , 20.12 , 22.21 , 23.54 , 24.54 , 26.21 , 27.43 , 30.10 , 36.29 
female,179, 14.22 , 15.31 , 16.04 , 16.46 , 17.15 , 17.65 , 18.45 , 20.16 , 22.26 , 23.60 , 24.60 , 26.27 , 27.49 , 30.17 , 36.35 
female,180, 14.24 , 15.34 , 16.07 , 16.49 , 17.18 , 17.69 , 18.49 , 20.21 , 22.32 , 23.66 , 24.66 , 26.34 , 27.56 , 30.24 , 36.40 
female,181, 14.26 , 15.37 , 16.11 , 16.53 , 17.22 , 17.72 , 18.53 , 20.26 , 22.37 , 23.71 , 24.72 , 26.40 , 27.62 , 30.30 , 36.46 
female,182, 14.29 , 15.40 , 16.14 , 16.56 , 17.25 , 17.76 , 18.57 , 20.31 , 22.43 , 23.77 , 24.78 , 26.46 , 27.68 , 30.36 , 36.51 
female,183, 14.31 , 15.42 , 16.16 , 16.59 , 17.29 , 17.80 , 18.61 , 20.35 , 22.48 , 23.82 , 24.84 , 26.52 , 27.74 , 30.42 , 36.56 
female,184, 14.33 , 15.45 , 16.19 , 16.62 , 17.32 , 17.83 , 18.65 , 20.39 , 22.53 , 23.88 , 24.89 , 26.57 , 27.80 , 30.48 , 36.61 
female,185, 14.35 , 15.47 , 16.22 , 16.65 , 17.35 , 17.86 , 18.68 , 20.44 , 22.57 , 23.93 , 24.94 , 26.63 , 27.86 , 30.54 , 36.65 
female,186, 14.36 , 15.50 , 16.25 , 16.67 , 17.38 , 17.90 , 18.72 , 20.48 , 22.62 , 23.98 , 25.00 , 26.68 , 27.91 , 30.59 , 36.70 
female,187, 14.38 , 15.52 , 16.27 , 16.70 , 17.41 , 17.93 , 18.75 , 20.52 , 22.67 , 24.03 , 25.05 , 26.74 , 27.97 , 30.64 , 36.74 
female,188, 14.40 , 15.54 , 16.30 , 16.73 , 17.44 , 17.96 , 18.79 , 20.56 , 22.71 , 24.07 , 25.09 , 26.79 , 28.02 , 30.69 , 36.77 
female,189, 14.42 , 15.56 , 16.32 , 16.75 , 17.47 , 17.99 , 18.82 , 20.59 , 22.75 , 24.12 , 25.14 , 26.83 , 28.07 , 30.74 , 36.81 
female,190, 14.43 , 15.58 , 16.34 , 16.78 , 17.50 , 18.02 , 18.85 , 20.63 , 22.80 , 24.16 , 25.19 , 26.88 , 28.11 , 30.79 , 36.84 
female,191, 14.45 , 15.60 , 16.36 , 16.80 , 17.52 , 18.05 , 18.88 , 20.67 , 22.84 , 24.21 , 25.23 , 26.93 , 28.16 , 30.83 , 36.87 
female,192, 14.46 , 15.62 , 16.38 , 16.82 , 17.55 , 18.07 , 18.91 , 20.70 , 22.88 , 24.25 , 25.27 , 26.97 , 28.21 , 30.88 , 36.90 
female,193, 14.47 , 15.64 , 16.41 , 16.85 , 17.57 , 18.10 , 18.94 , 20.73 , 22.91 , 24.29 , 25.32 , 27.02 , 28.25 , 30.92 , 36.93 
female,194, 14.48 , 15.65 , 16.42 , 16.87 , 17.60 , 18.12 , 18.97 , 20.77 , 22.95 , 24.33 , 25.36 , 27.06 , 28.29 , 30.96 , 36.95 
female,195, 14.50 , 15.67 , 16.44 , 16.89 , 17.62 , 18.15 , 18.99 , 20.80 , 22.99 , 24.36 , 25.40 , 27.10 , 28.33 , 31.00 , 36.97 
female,196, 14.51 , 15.68 , 16.46 , 16.91 , 17.64 , 18.17 , 19.02 , 20.83 , 23.02 , 24.40 , 25.43 , 27.13 , 28.37 , 31.03 , 36.99 
female,197, 14.52 , 15.70 , 16.48 , 16.92 , 17.66 , 18.19 , 19.04 , 20.86 , 23.06 , 24.44 , 25.47 , 27.17 , 28.40 , 31.07 , 37.01 
female,198, 14.53 , 15.71 , 16.49 , 16.94 , 17.68 , 18.22 , 19.07 , 20.89 , 23.09 , 24.47 , 25.50 , 27.21 , 28.44 , 31.10 , 37.02 
female,199, 14.54 , 15.72 , 16.51 , 16.96 , 17.70 , 18.24 , 19.09 , 20.91 , 23.12 , 24.50 , 25.54 , 27.24 , 28.47 , 31.13 , 37.04 
female,200, 14.54 , 15.74 , 16.52 , 16.97 , 17.72 , 18.26 , 19.11 , 20.94 , 23.15 , 24.54 , 25.57 , 27.27 , 28.51 , 31.16 , 37.05 
female,201, 14.55 , 15.75 , 16.54 , 16.99 , 17.73 , 18.27 , 19.13 , 20.97 , 23.18 , 24.57 , 25.60 , 27.31 , 28.54 , 31.19 , 37.06 
female,202, 14.56 , 15.76 , 16.55 , 17.00 , 17.75 , 18.29 , 19.15 , 20.99 , 23.21 , 24.60 , 25.63 , 27.34 , 28.57 , 31.21 , 37.07 
female,203, 14.56 , 15.77 , 16.56 , 17.02 , 17.77 , 18.31 , 19.17 , 21.01 , 23.23 , 24.62 , 25.66 , 27.36 , 28.59 , 31.24 , 37.07 
female,204, 14.57 , 15.78 , 16.58 , 17.03 , 17.78 , 18.33 , 19.19 , 21.04 , 23.26 , 24.65 , 25.69 , 27.39 , 28.62 , 31.26 , 37.08 
female,205, 14.57 , 15.79 , 16.59 , 17.04 , 17.80 , 18.34 , 19.21 , 21.06 , 23.29 , 24.68 , 25.72 , 27.42 , 28.65 , 31.28 , 37.08 
female,206, 14.58 , 15.79 , 16.60 , 17.06 , 17.81 , 18.36 , 19.23 , 21.08 , 23.31 , 24.70 , 25.74 , 27.44 , 28.67 , 31.30 , 37.08 
female,207, 14.58 , 15.80 , 16.61 , 17.07 , 17.83 , 18.37 , 19.25 , 21.10 , 23.33 , 24.73 , 25.77 , 27.47 , 28.70 , 31.32 , 37.08 
female,208, 14.58 , 15.81 , 16.62 , 17.08 , 17.84 , 18.39 , 19.26 , 21.12 , 23.36 , 24.75 , 25.79 , 27.49 , 28.72 , 31.34 , 37.08 
female,209, 14.59 , 15.82 , 16.63 , 17.09 , 17.85 , 18.40 , 19.28 , 21.14 , 23.38 , 24.77 , 25.81 , 27.52 , 28.74 , 31.36 , 37.08 
female,210, 14.59 , 15.82 , 16.64 , 17.10 , 17.86 , 18.41 , 19.29 , 21.16 , 23.40 , 24.80 , 25.84 , 27.54 , 28.76 , 31.37 , 37.07 
female,211, 14.59 , 15.83 , 16.64 , 17.11 , 17.87 , 18.43 , 19.31 , 21.18 , 23.42 , 24.82 , 25.86 , 27.56 , 28.78 , 31.39 , 37.07 
female,212, 14.59 , 15.83 , 16.65 , 17.12 , 17.88 , 18.44 , 19.32 , 21.19 , 23.44 , 24.84 , 25.88 , 27.58 , 28.80 , 31.40 , 37.06 
female,213, 14.59 , 15.84 , 16.66 , 17.13 , 17.90 , 18.45 , 19.34 , 21.21 , 23.46 , 24.86 , 25.90 , 27.60 , 28.82 , 31.42 , 37.06 
female,214, 14.60 , 15.84 , 16.67 , 17.13 , 17.91 , 18.46 , 19.35 , 21.23 , 23.48 , 24.88 , 25.92 , 27.62 , 28.84 , 31.43 , 37.05 
female,215, 14.60 , 15.85 , 16.67 , 17.14 , 17.92 , 18.47 , 19.36 , 21.24 , 23.50 , 24.90 , 25.94 , 27.64 , 28.85 , 31.44 , 37.04 
female,216, 14.60 , 15.85 , 16.68 , 17.15 , 17.92 , 18.49 , 19.37 , 21.26 , 23.52 , 24.92 , 25.96 , 27.65 , 28.87 , 31.45 , 37.03 
female,217, 14.60 , 15.85 , 16.68 , 17.16 , 17.93 , 18.50 , 19.39 , 21.28 , 23.53 , 24.94 , 25.98 , 27.67 , 28.88 , 31.46 , 37.02 
female,218, 14.60 , 15.86 , 16.69 , 17.16 , 17.94 , 18.51 , 19.40 , 21.29 , 23.55 , 24.95 , 25.99 , 27.69 , 28.90 , 31.47 , 37.01 
female,219, 14.60 , 15.86 , 16.69 , 17.17 , 17.95 , 18.52 , 19.41 , 21.31 , 23.57 , 24.97 , 26.01 , 27.70 , 28.92 , 31.48 , 37.00 
female,220, 14.59 , 15.86 , 16.70 , 17.18 , 17.96 , 18.52 , 19.42 , 21.32 , 23.59 , 24.99 , 26.03 , 27.72 , 28.93 , 31.49 , 36.99 
female,221, 14.59 , 15.87 , 16.71 , 17.18 , 17.97 , 18.53 , 19.43 , 21.33 , 23.60 , 25.00 , 26.04 , 27.73 , 28.94 , 31.50 , 36.98 
female,222, 14.59 , 15.87 , 16.71 , 17.19 , 17.98 , 18.54 , 19.44 , 21.35 , 23.62 , 25.02 , 26.06 , 27.75 , 28.96 , 31.51 , 36.97 
female,223, 14.59 , 15.87 , 16.71 , 17.19 , 17.98 , 18.55 , 19.45 , 21.36 , 23.63 , 25.04 , 26.08 , 27.76 , 28.97 , 31.52 , 36.96 
female,224, 14.59 , 15.87 , 16.72 , 17.20 , 17.99 , 18.56 , 19.46 , 21.38 , 23.65 , 25.05 , 26.09 , 27.78 , 28.98 , 31.53 , 36.94 
female,225, 14.59 , 15.88 , 16.72 , 17.20 , 18.00 , 18.57 , 19.48 , 21.39 , 23.66 , 25.07 , 26.11 , 27.79 , 29.00 , 31.53 , 36.93 
female,226, 14.59 , 15.88 , 16.73 , 17.21 , 18.00 , 18.58 , 19.49 , 21.40 , 23.68 , 25.08 , 26.12 , 27.81 , 29.01 , 31.54 , 36.92 
female,227, 14.58 , 15.88 , 16.73 , 17.22 , 18.01 , 18.59 , 19.50 , 21.41 , 23.69 , 25.10 , 26.14 , 27.82 , 29.02 , 31.55 , 36.90 
female,228, 14.58 , 15.88 , 16.73 , 17.22 , 18.02 , 18.59 , 19.50 , 21.43 , 23.71 , 25.11 , 26.15 , 27.83 , 29.03 , 31.55 , 36.89 
male,0, 10.25 , 11.08 , 11.59 , 11.86 , 12.29 , 12.59 , 13.04 , 13.90 , 14.80 , 15.30 , 15.65 , 16.17 , 16.52 , 17.18 , 18.37 
male,1, 11.89 , 12.75 , 13.28 , 13.57 , 14.03 , 14.34 , 14.81 , 15.72 , 16.68 , 17.22 , 17.59 , 18.15 , 18.52 , 19.24 , 20.52 
male,2, 12.75 , 13.62 , 14.16 , 14.45 , 14.91 , 15.23 , 15.71 , 16.65 , 17.64 , 18.19 , 18.58 , 19.16 , 19.55 , 20.30 , 21.66 
male,3, 13.15 , 14.02 , 14.55 , 14.84 , 15.30 , 15.62 , 16.10 , 17.04 , 18.04 , 18.60 , 18.99 , 19.59 , 19.98 , 20.75 , 22.14 
male,4, 13.37 , 14.22 , 14.75 , 15.04 , 15.50 , 15.81 , 16.29 , 17.23 , 18.23 , 18.80 , 19.19 , 19.79 , 20.18 , 20.96 , 22.38 
male,5, 13.49 , 14.34 , 14.86 , 15.14 , 15.60 , 15.91 , 16.39 , 17.32 , 18.32 , 18.88 , 19.28 , 19.88 , 20.28 , 21.06 , 22.49 
male,6, 13.55 , 14.38 , 14.90 , 15.18 , 15.63 , 15.94 , 16.41 , 17.34 , 18.33 , 18.90 , 19.29 , 19.89 , 20.29 , 21.07 , 22.51 
male,7, 13.55 , 14.37 , 14.88 , 15.16 , 15.60 , 15.91 , 16.38 , 17.30 , 18.29 , 18.85 , 19.24 , 19.83 , 20.23 , 21.02 , 22.46 
male,8, 13.52 , 14.33 , 14.83 , 15.10 , 15.54 , 15.84 , 16.31 , 17.22 , 18.20 , 18.75 , 19.14 , 19.73 , 20.13 , 20.91 , 22.35 
male,9, 13.46 , 14.26 , 14.75 , 15.02 , 15.45 , 15.75 , 16.21 , 17.11 , 18.08 , 18.63 , 19.01 , 19.60 , 20.00 , 20.78 , 22.21 
male,10, 13.39 , 14.17 , 14.66 , 14.93 , 15.35 , 15.65 , 16.10 , 16.99 , 17.95 , 18.49 , 18.87 , 19.46 , 19.85 , 20.63 , 22.05 
male,11, 13.31 , 14.08 , 14.56 , 14.83 , 15.24 , 15.54 , 15.98 , 16.86 , 17.81 , 18.35 , 18.73 , 19.31 , 19.70 , 20.47 , 21.89 
male,12, 13.23 , 13.99 , 14.47 , 14.73 , 15.14 , 15.43 , 15.87 , 16.74 , 17.67 , 18.21 , 18.58 , 19.16 , 19.55 , 20.31 , 21.73 
male,13, 13.15 , 13.91 , 14.37 , 14.63 , 15.04 , 15.32 , 15.76 , 16.62 , 17.55 , 18.08 , 18.45 , 19.02 , 19.41 , 20.17 , 21.57 
male,14, 13.08 , 13.82 , 14.28 , 14.53 , 14.94 , 15.22 , 15.65 , 16.50 , 17.42 , 17.94 , 18.31 , 18.88 , 19.27 , 20.02 , 21.42 
male,15, 13.01 , 13.74 , 14.19 , 14.44 , 14.84 , 15.12 , 15.55 , 16.39 , 17.30 , 17.82 , 18.19 , 18.75 , 19.13 , 19.88 , 21.28 
male,16, 12.94 , 13.66 , 14.11 , 14.36 , 14.75 , 15.03 , 15.45 , 16.28 , 17.19 , 17.70 , 18.07 , 18.63 , 19.01 , 19.75 , 21.14 
male,17, 12.87 , 13.59 , 14.03 , 14.28 , 14.67 , 14.94 , 15.36 , 16.19 , 17.08 , 17.60 , 17.96 , 18.51 , 18.89 , 19.63 , 21.02 
male,18, 12.82 , 13.52 , 13.96 , 14.21 , 14.59 , 14.86 , 15.28 , 16.10 , 16.99 , 17.50 , 17.86 , 18.41 , 18.78 , 19.52 , 20.90 
male,19, 12.76 , 13.46 , 13.90 , 14.14 , 14.52 , 14.79 , 15.20 , 16.01 , 16.90 , 17.40 , 17.76 , 18.31 , 18.68 , 19.42 , 20.79 
male,20, 12.71 , 13.41 , 13.84 , 14.08 , 14.46 , 14.73 , 15.13 , 15.94 , 16.82 , 17.32 , 17.68 , 18.22 , 18.59 , 19.33 , 20.69 
male,21, 12.67 , 13.36 , 13.79 , 14.03 , 14.40 , 14.67 , 15.07 , 15.87 , 16.75 , 17.25 , 17.60 , 18.14 , 18.51 , 19.24 , 20.61 
male,22, 12.64 , 13.32 , 13.74 , 13.98 , 14.35 , 14.62 , 15.02 , 15.81 , 16.68 , 17.18 , 17.53 , 18.07 , 18.44 , 19.17 , 20.53 
male,23, 12.60 , 13.28 , 13.70 , 13.94 , 14.31 , 14.57 , 14.97 , 15.76 , 16.62 , 17.12 , 17.47 , 18.01 , 18.38 , 19.10 , 20.46 
male,24, 12.78 , 13.47 , 13.90 , 14.14 , 14.52 , 14.79 , 15.19 , 16.00 , 16.88 , 17.38 , 17.73 , 18.28 , 18.65 , 19.38 , 20.75 
male,25, 12.74 , 13.43 , 13.86 , 14.10 , 14.48 , 14.75 , 15.16 , 15.96 , 16.84 , 17.34 , 17.69 , 18.23 , 18.60 , 19.33 , 20.68 
male,26, 12.69 , 13.39 , 13.82 , 14.06 , 14.44 , 14.71 , 15.12 , 15.92 , 16.80 , 17.30 , 17.65 , 18.19 , 18.55 , 19.27 , 20.61 
male,27, 12.65 , 13.35 , 13.79 , 14.03 , 14.41 , 14.67 , 15.08 , 15.89 , 16.76 , 17.25 , 17.60 , 18.14 , 18.51 , 19.22 , 20.55 
male,28, 12.61 , 13.31 , 13.75 , 13.99 , 14.37 , 14.64 , 15.04 , 15.85 , 16.72 , 17.22 , 17.56 , 18.10 , 18.46 , 19.17 , 20.49 
male,29, 12.56 , 13.27 , 13.71 , 13.95 , 14.33 , 14.60 , 15.01 , 15.81 , 16.68 , 17.18 , 17.52 , 18.06 , 18.42 , 19.12 , 20.43 
male,30, 12.52 , 13.23 , 13.67 , 13.91 , 14.30 , 14.57 , 14.97 , 15.78 , 16.65 , 17.14 , 17.49 , 18.02 , 18.37 , 19.08 , 20.37 
male,31, 12.48 , 13.20 , 13.64 , 13.88 , 14.26 , 14.53 , 14.94 , 15.74 , 16.61 , 17.10 , 17.45 , 17.98 , 18.33 , 19.03 , 20.32 
male,32, 12.44 , 13.16 , 13.60 , 13.84 , 14.23 , 14.50 , 14.91 , 15.71 , 16.58 , 17.07 , 17.41 , 17.94 , 18.30 , 18.99 , 20.27 
male,33, 12.41 , 13.12 , 13.57 , 13.81 , 14.19 , 14.46 , 14.87 , 15.68 , 16.54 , 17.03 , 17.38 , 17.90 , 18.26 , 18.95 , 20.23 
male,34, 12.37 , 13.09 , 13.53 , 13.78 , 14.16 , 14.43 , 14.84 , 15.65 , 16.51 , 17.00 , 17.34 , 17.87 , 18.22 , 18.91 , 20.18 
male,35, 12.33 , 13.05 , 13.50 , 13.74 , 14.13 , 14.40 , 14.81 , 15.62 , 16.48 , 16.97 , 17.31 , 17.84 , 18.19 , 18.88 , 20.15 
male,36, 12.30 , 13.02 , 13.47 , 13.71 , 14.10 , 14.37 , 14.78 , 15.58 , 16.45 , 16.94 , 17.28 , 17.81 , 18.16 , 18.85 , 20.11 
male,37, 12.27 , 12.99 , 13.44 , 13.68 , 14.07 , 14.34 , 14.75 , 15.56 , 16.42 , 16.91 , 17.25 , 17.78 , 18.13 , 18.82 , 20.08 
male,38, 12.24 , 12.96 , 13.41 , 13.65 , 14.04 , 14.31 , 14.72 , 15.53 , 16.39 , 16.88 , 17.23 , 17.75 , 18.10 , 18.79 , 20.06 
male,39, 12.21 , 12.93 , 13.38 , 13.62 , 14.01 , 14.28 , 14.69 , 15.50 , 16.37 , 16.86 , 17.20 , 17.73 , 18.08 , 18.77 , 20.03 
male,40, 12.18 , 12.90 , 13.35 , 13.60 , 13.99 , 14.26 , 14.67 , 15.48 , 16.34 , 16.84 , 17.18 , 17.71 , 18.06 , 18.75 , 20.02 
male,41, 12.15 , 12.88 , 13.33 , 13.57 , 13.96 , 14.23 , 14.64 , 15.45 , 16.32 , 16.82 , 17.16 , 17.69 , 18.04 , 18.73 , 20.00 
male,42, 12.13 , 12.85 , 13.30 , 13.55 , 13.94 , 14.21 , 14.62 , 15.43 , 16.30 , 16.80 , 17.14 , 17.67 , 18.03 , 18.72 , 20.00 
male,43, 12.11 , 12.83 , 13.28 , 13.52 , 13.91 , 14.19 , 14.60 , 15.41 , 16.28 , 16.78 , 17.13 , 17.66 , 18.01 , 18.71 , 19.99 
male,44, 12.09 , 12.81 , 13.26 , 13.50 , 13.89 , 14.16 , 14.58 , 15.39 , 16.27 , 16.76 , 17.11 , 17.64 , 18.00 , 18.70 , 19.99 
male,45, 12.07 , 12.79 , 13.24 , 13.48 , 13.87 , 14.14 , 14.56 , 15.37 , 16.25 , 16.75 , 17.10 , 17.64 , 17.99 , 18.70 , 20.00 
male,46, 12.05 , 12.77 , 13.22 , 13.46 , 13.85 , 14.12 , 14.54 , 15.36 , 16.24 , 16.74 , 17.09 , 17.63 , 17.99 , 18.70 , 20.01 
male,47, 12.03 , 12.75 , 13.20 , 13.44 , 13.83 , 14.11 , 14.52 , 15.34 , 16.22 , 16.73 , 17.08 , 17.62 , 17.98 , 18.70 , 20.02 
male,48, 12.01 , 12.73 , 13.18 , 13.42 , 13.81 , 14.09 , 14.50 , 15.33 , 16.21 , 16.72 , 17.07 , 17.62 , 17.98 , 18.70 , 20.03 
male,49, 11.99 , 12.71 , 13.16 , 13.41 , 13.80 , 14.07 , 14.49 , 15.31 , 16.20 , 16.71 , 17.07 , 17.61 , 17.98 , 18.71 , 20.05 
male,50, 11.98 , 12.70 , 13.14 , 13.39 , 13.78 , 14.05 , 14.47 , 15.30 , 16.19 , 16.70 , 17.06 , 17.61 , 17.98 , 18.72 , 20.08 
male,51, 11.96 , 12.68 , 13.13 , 13.37 , 13.76 , 14.04 , 14.45 , 15.28 , 16.18 , 16.69 , 17.06 , 17.61 , 17.99 , 18.73 , 20.10 
male,52, 11.95 , 12.66 , 13.11 , 13.36 , 13.75 , 14.02 , 14.44 , 15.27 , 16.17 , 16.69 , 17.05 , 17.61 , 17.99 , 18.74 , 20.13 
male,53, 11.94 , 12.65 , 13.10 , 13.34 , 13.73 , 14.01 , 14.42 , 15.26 , 16.16 , 16.68 , 17.05 , 17.62 , 18.00 , 18.75 , 20.16 
male,54, 11.93 , 12.64 , 13.08 , 13.33 , 13.72 , 13.99 , 14.41 , 15.25 , 16.16 , 16.68 , 17.05 , 17.62 , 18.00 , 18.77 , 20.20 
male,55, 11.91 , 12.62 , 13.07 , 13.31 , 13.70 , 13.98 , 14.40 , 15.24 , 16.15 , 16.68 , 17.05 , 17.62 , 18.01 , 18.79 , 20.24 
male,56, 11.90 , 12.61 , 13.05 , 13.30 , 13.69 , 13.96 , 14.38 , 15.22 , 16.14 , 16.67 , 17.05 , 17.63 , 18.02 , 18.81 , 20.28 
male,57, 11.89 , 12.60 , 13.04 , 13.28 , 13.68 , 13.95 , 14.37 , 15.21 , 16.14 , 16.67 , 17.05 , 17.64 , 18.04 , 18.83 , 20.32 
male,58, 11.88 , 12.59 , 13.03 , 13.27 , 13.66 , 13.94 , 14.36 , 15.20 , 16.13 , 16.67 , 17.05 , 17.65 , 18.05 , 18.85 , 20.37 
male,59, 11.88 , 12.58 , 13.02 , 13.26 , 13.65 , 13.93 , 14.35 , 15.20 , 16.13 , 16.67 , 17.06 , 17.66 , 18.06 , 18.88 , 20.42 
male,60, 11.87 , 12.57 , 13.00 , 13.25 , 13.64 , 13.91 , 14.34 , 15.19 , 16.13 , 16.67 , 17.06 , 17.67 , 18.08 , 18.90 , 20.48 
male,61, 11.95 , 12.64 , 13.07 , 13.31 , 13.70 , 13.97 , 14.39 , 15.22 , 16.15 , 16.69 , 17.07 , 17.66 , 18.07 , 18.88 , 20.43 
male,62, 12.04 , 12.72 , 13.14 , 13.38 , 13.76 , 14.03 , 14.44 , 15.26 , 16.17 , 16.70 , 17.08 , 17.67 , 18.07 , 18.87 , 20.39 
male,63, 12.04 , 12.71 , 13.14 , 13.38 , 13.76 , 14.02 , 14.43 , 15.26 , 16.18 , 16.71 , 17.09 , 17.68 , 18.08 , 18.89 , 20.43 
male,64, 12.04 , 12.71 , 13.14 , 13.37 , 13.75 , 14.02 , 14.43 , 15.26 , 16.18 , 16.71 , 17.10 , 17.69 , 18.10 , 18.91 , 20.47 
male,65, 12.04 , 12.71 , 13.14 , 13.37 , 13.75 , 14.02 , 14.43 , 15.26 , 16.18 , 16.72 , 17.11 , 17.70 , 18.11 , 18.94 , 20.52 
male,66, 12.04 , 12.71 , 13.14 , 13.37 , 13.75 , 14.02 , 14.43 , 15.26 , 16.19 , 16.73 , 17.12 , 17.72 , 18.13 , 18.97 , 20.57 
male,67, 12.04 , 12.71 , 13.14 , 13.37 , 13.75 , 14.02 , 14.43 , 15.27 , 16.20 , 16.74 , 17.13 , 17.74 , 18.16 , 19.00 , 20.62 
male,68, 12.05 , 12.72 , 13.14 , 13.38 , 13.76 , 14.02 , 14.44 , 15.27 , 16.21 , 16.76 , 17.15 , 17.76 , 18.18 , 19.03 , 20.67 
male,69, 12.05 , 12.72 , 13.14 , 13.38 , 13.76 , 14.03 , 14.44 , 15.28 , 16.22 , 16.77 , 17.16 , 17.78 , 18.21 , 19.06 , 20.73 
male,70, 12.05 , 12.72 , 13.15 , 13.38 , 13.76 , 14.03 , 14.45 , 15.29 , 16.23 , 16.78 , 17.18 , 17.80 , 18.23 , 19.10 , 20.79 
male,71, 12.06 , 12.73 , 13.15 , 13.39 , 13.77 , 14.04 , 14.45 , 15.30 , 16.24 , 16.80 , 17.20 , 17.83 , 18.26 , 19.14 , 20.85 
male,72, 12.07 , 12.73 , 13.16 , 13.39 , 13.77 , 14.04 , 14.46 , 15.31 , 16.26 , 16.82 , 17.22 , 17.85 , 18.29 , 19.18 , 20.91 
male,73, 12.07 , 12.74 , 13.16 , 13.40 , 13.78 , 14.05 , 14.47 , 15.32 , 16.27 , 16.84 , 17.24 , 17.88 , 18.32 , 19.22 , 20.98 
male,74, 12.08 , 12.75 , 13.17 , 13.41 , 13.79 , 14.06 , 14.48 , 15.33 , 16.29 , 16.86 , 17.27 , 17.91 , 18.36 , 19.26 , 21.04 
male,75, 12.09 , 12.75 , 13.18 , 13.41 , 13.80 , 14.07 , 14.49 , 15.34 , 16.31 , 16.88 , 17.29 , 17.94 , 18.39 , 19.31 , 21.11 
male,76, 12.10 , 12.76 , 13.19 , 13.42 , 13.80 , 14.08 , 14.50 , 15.35 , 16.33 , 16.90 , 17.32 , 17.97 , 18.43 , 19.35 , 21.19 
male,77, 12.11 , 12.77 , 13.19 , 13.43 , 13.81 , 14.08 , 14.51 , 15.37 , 16.35 , 16.93 , 17.34 , 18.00 , 18.46 , 19.40 , 21.26 
male,78, 12.11 , 12.78 , 13.20 , 13.44 , 13.82 , 14.10 , 14.52 , 15.38 , 16.37 , 16.95 , 17.37 , 18.04 , 18.50 , 19.45 , 21.34 
male,79, 12.12 , 12.79 , 13.21 , 13.45 , 13.83 , 14.11 , 14.53 , 15.40 , 16.39 , 16.97 , 17.40 , 18.07 , 18.54 , 19.50 , 21.42 
male,80, 12.13 , 12.80 , 13.22 , 13.46 , 13.84 , 14.12 , 14.54 , 15.41 , 16.41 , 17.00 , 17.43 , 18.11 , 18.58 , 19.55 , 21.50 
male,81, 12.14 , 12.81 , 13.23 , 13.47 , 13.86 , 14.13 , 14.56 , 15.43 , 16.43 , 17.03 , 17.46 , 18.15 , 18.62 , 19.61 , 21.59 
male,82, 12.15 , 12.82 , 13.24 , 13.48 , 13.87 , 14.14 , 14.57 , 15.45 , 16.45 , 17.05 , 17.49 , 18.18 , 18.67 , 19.66 , 21.68 
male,83, 12.16 , 12.83 , 13.25 , 13.49 , 13.88 , 14.15 , 14.58 , 15.47 , 16.48 , 17.08 , 17.52 , 18.22 , 18.71 , 19.72 , 21.76 
male,84, 12.18 , 12.84 , 13.27 , 13.50 , 13.89 , 14.17 , 14.60 , 15.48 , 16.50 , 17.11 , 17.55 , 18.26 , 18.76 , 19.78 , 21.86 
male,85, 12.19 , 12.85 , 13.28 , 13.52 , 13.90 , 14.18 , 14.61 , 15.50 , 16.53 , 17.14 , 17.59 , 18.30 , 18.80 , 19.84 , 21.95 
male,86, 12.20 , 12.86 , 13.29 , 13.53 , 13.92 , 14.19 , 14.63 , 15.52 , 16.55 , 17.17 , 17.62 , 18.34 , 18.85 , 19.90 , 22.04 
male,87, 12.21 , 12.87 , 13.30 , 13.54 , 13.93 , 14.21 , 14.64 , 15.54 , 16.58 , 17.20 , 17.66 , 18.39 , 18.90 , 19.96 , 22.14 
male,88, 12.22 , 12.89 , 13.31 , 13.55 , 13.94 , 14.22 , 14.66 , 15.56 , 16.60 , 17.23 , 17.69 , 18.43 , 18.95 , 20.02 , 22.24 
male,89, 12.23 , 12.90 , 13.33 , 13.57 , 13.96 , 14.24 , 14.68 , 15.58 , 16.63 , 17.27 , 17.73 , 18.47 , 19.00 , 20.09 , 22.35 
male,90, 12.24 , 12.91 , 13.34 , 13.58 , 13.97 , 14.25 , 14.69 , 15.60 , 16.66 , 17.30 , 17.77 , 18.52 , 19.05 , 20.15 , 22.45 
male,91, 12.26 , 12.92 , 13.35 , 13.59 , 13.99 , 14.27 , 14.71 , 15.62 , 16.69 , 17.33 , 17.80 , 18.56 , 19.10 , 20.22 , 22.56 
male,92, 12.27 , 12.94 , 13.37 , 13.61 , 14.00 , 14.28 , 14.73 , 15.65 , 16.72 , 17.37 , 17.84 , 18.61 , 19.15 , 20.29 , 22.67 
male,93, 12.28 , 12.95 , 13.38 , 13.62 , 14.02 , 14.30 , 14.74 , 15.67 , 16.74 , 17.40 , 17.88 , 18.66 , 19.21 , 20.36 , 22.78 
male,94, 12.29 , 12.96 , 13.39 , 13.64 , 14.03 , 14.32 , 14.76 , 15.69 , 16.77 , 17.44 , 17.92 , 18.70 , 19.26 , 20.43 , 22.89 
male,95, 12.31 , 12.98 , 13.41 , 13.65 , 14.05 , 14.33 , 14.78 , 15.71 , 16.80 , 17.47 , 17.96 , 18.75 , 19.32 , 20.50 , 23.01 
male,96, 12.32 , 12.99 , 13.42 , 13.67 , 14.07 , 14.35 , 14.80 , 15.74 , 16.84 , 17.51 , 18.00 , 18.80 , 19.37 , 20.57 , 23.13 
male,97, 12.33 , 13.00 , 13.44 , 13.68 , 14.08 , 14.37 , 14.82 , 15.76 , 16.87 , 17.54 , 18.04 , 18.85 , 19.43 , 20.65 , 23.25 
male,98, 12.35 , 13.02 , 13.45 , 13.70 , 14.10 , 14.39 , 14.84 , 15.79 , 16.90 , 17.58 , 18.09 , 18.90 , 19.49 , 20.72 , 23.37 
male,99, 12.36 , 13.03 , 13.47 , 13.71 , 14.12 , 14.40 , 14.86 , 15.81 , 16.93 , 17.62 , 18.13 , 18.96 , 19.55 , 20.80 , 23.50 
male,100, 12.37 , 13.05 , 13.48 , 13.73 , 14.13 , 14.42 , 14.88 , 15.83 , 16.96 , 17.66 , 18.17 , 19.01 , 19.61 , 20.87 , 23.63 
male,101, 12.39 , 13.06 , 13.50 , 13.75 , 14.15 , 14.44 , 14.90 , 15.86 , 17.00 , 17.70 , 18.22 , 19.06 , 19.67 , 20.95 , 23.76 
male,102, 12.40 , 13.07 , 13.51 , 13.76 , 14.17 , 14.46 , 14.92 , 15.89 , 17.03 , 17.74 , 18.26 , 19.12 , 19.73 , 21.03 , 23.89 
male,103, 12.41 , 13.09 , 13.53 , 13.78 , 14.19 , 14.48 , 14.94 , 15.91 , 17.06 , 17.78 , 18.31 , 19.17 , 19.79 , 21.11 , 24.02 
male,104, 12.43 , 13.10 , 13.55 , 13.80 , 14.20 , 14.50 , 14.96 , 15.94 , 17.10 , 17.82 , 18.35 , 19.23 , 19.85 , 21.20 , 24.16 
male,105, 12.44 , 13.12 , 13.56 , 13.81 , 14.22 , 14.52 , 14.98 , 15.97 , 17.13 , 17.86 , 18.40 , 19.28 , 19.92 , 21.28 , 24.30 
male,106, 12.46 , 13.14 , 13.58 , 13.83 , 14.24 , 14.54 , 15.01 , 15.99 , 17.17 , 17.90 , 18.45 , 19.34 , 19.98 , 21.36 , 24.44 
male,107, 12.47 , 13.15 , 13.60 , 13.85 , 14.26 , 14.56 , 15.03 , 16.02 , 17.21 , 17.94 , 18.49 , 19.40 , 20.05 , 21.45 , 24.59 
male,108, 12.49 , 13.17 , 13.61 , 13.87 , 14.28 , 14.58 , 15.05 , 16.05 , 17.24 , 17.99 , 18.54 , 19.45 , 20.11 , 21.53 , 24.73 
male,109, 12.50 , 13.19 , 13.63 , 13.89 , 14.30 , 14.60 , 15.07 , 16.08 , 17.28 , 18.03 , 18.59 , 19.51 , 20.18 , 21.62 , 24.88 
male,110, 12.52 , 13.20 , 13.65 , 13.90 , 14.32 , 14.62 , 15.10 , 16.11 , 17.32 , 18.08 , 18.64 , 19.57 , 20.25 , 21.71 , 25.03 
male,111, 12.53 , 13.22 , 13.67 , 13.92 , 14.34 , 14.65 , 15.12 , 16.14 , 17.36 , 18.12 , 18.69 , 19.63 , 20.32 , 21.80 , 25.18 
male,112, 12.55 , 13.24 , 13.69 , 13.94 , 14.36 , 14.67 , 15.15 , 16.17 , 17.40 , 18.17 , 18.74 , 19.70 , 20.39 , 21.89 , 25.34 
male,113, 12.57 , 13.26 , 13.71 , 13.97 , 14.39 , 14.69 , 15.18 , 16.20 , 17.44 , 18.22 , 18.80 , 19.76 , 20.46 , 21.99 , 25.50 
male,114, 12.58 , 13.28 , 13.73 , 13.99 , 14.41 , 14.72 , 15.20 , 16.23 , 17.48 , 18.26 , 18.85 , 19.82 , 20.53 , 22.08 , 25.65 
male,115, 12.60 , 13.30 , 13.75 , 14.01 , 14.43 , 14.74 , 15.23 , 16.27 , 17.52 , 18.31 , 18.91 , 19.89 , 20.61 , 22.17 , 25.81 
male,116, 12.62 , 13.32 , 13.77 , 14.03 , 14.46 , 14.77 , 15.26 , 16.30 , 17.56 , 18.36 , 18.96 , 19.95 , 20.68 , 22.27 , 25.98 
male,117, 12.64 , 13.34 , 13.79 , 14.05 , 14.48 , 14.79 , 15.29 , 16.34 , 17.61 , 18.41 , 19.02 , 20.02 , 20.75 , 22.37 , 26.14 
male,118, 12.66 , 13.36 , 13.82 , 14.08 , 14.51 , 14.82 , 15.31 , 16.37 , 17.65 , 18.46 , 19.07 , 20.09 , 20.83 , 22.46 , 26.31 
male,119, 12.68 , 13.38 , 13.84 , 14.10 , 14.53 , 14.85 , 15.34 , 16.41 , 17.70 , 18.52 , 19.13 , 20.16 , 20.91 , 22.56 , 26.47 
male,120, 12.70 , 13.40 , 13.86 , 14.13 , 14.56 , 14.88 , 15.38 , 16.44 , 17.74 , 18.57 , 19.19 , 20.23 , 20.99 , 22.66 , 26.64 
male,121, 12.72 , 13.42 , 13.89 , 14.15 , 14.59 , 14.90 , 15.41 , 16.48 , 17.79 , 18.62 , 19.25 , 20.29 , 21.06 , 22.76 , 26.81 
male,122, 12.74 , 13.45 , 13.91 , 14.18 , 14.62 , 14.93 , 15.44 , 16.52 , 17.84 , 18.68 , 19.31 , 20.37 , 21.14 , 22.86 , 26.99 
male,123, 12.76 , 13.47 , 13.94 , 14.21 , 14.64 , 14.96 , 15.47 , 16.56 , 17.89 , 18.73 , 19.37 , 20.44 , 21.22 , 22.97 , 27.16 
male,124, 12.78 , 13.49 , 13.96 , 14.23 , 14.67 , 14.99 , 15.50 , 16.60 , 17.94 , 18.79 , 19.43 , 20.51 , 21.30 , 23.07 , 27.33 
male,125, 12.80 , 13.52 , 13.99 , 14.26 , 14.70 , 15.03 , 15.54 , 16.64 , 17.98 , 18.84 , 19.49 , 20.58 , 21.39 , 23.17 , 27.51 
male,126, 12.83 , 13.54 , 14.02 , 14.29 , 14.73 , 15.06 , 15.57 , 16.68 , 18.04 , 18.90 , 19.56 , 20.66 , 21.47 , 23.28 , 27.68 
male,127, 12.85 , 13.57 , 14.05 , 14.32 , 14.76 , 15.09 , 15.61 , 16.72 , 18.09 , 18.96 , 19.62 , 20.73 , 21.55 , 23.38 , 27.86 
male,128, 12.87 , 13.60 , 14.07 , 14.35 , 14.80 , 15.12 , 15.64 , 16.76 , 18.14 , 19.02 , 19.69 , 20.81 , 21.64 , 23.49 , 28.03 
male,129, 12.90 , 13.62 , 14.10 , 14.38 , 14.83 , 15.16 , 15.68 , 16.81 , 18.19 , 19.08 , 19.75 , 20.88 , 21.72 , 23.60 , 28.21 
male,130, 12.92 , 13.65 , 14.13 , 14.41 , 14.86 , 15.19 , 15.72 , 16.85 , 18.24 , 19.14 , 19.82 , 20.96 , 21.81 , 23.70 , 28.39 
male,131, 12.95 , 13.68 , 14.16 , 14.44 , 14.89 , 15.23 , 15.75 , 16.89 , 18.30 , 19.20 , 19.88 , 21.04 , 21.89 , 23.81 , 28.56 
male,132, 12.97 , 13.71 , 14.19 , 14.47 , 14.93 , 15.26 , 15.79 , 16.94 , 18.35 , 19.26 , 19.95 , 21.11 , 21.98 , 23.92 , 28.74 
male,133, 13.00 , 13.73 , 14.22 , 14.50 , 14.96 , 15.30 , 15.83 , 16.99 , 18.41 , 19.32 , 20.02 , 21.19 , 22.06 , 24.03 , 28.92 
male,134, 13.02 , 13.76 , 14.25 , 14.53 , 15.00 , 15.33 , 15.87 , 17.03 , 18.46 , 19.39 , 20.09 , 21.27 , 22.15 , 24.13 , 29.09 
male,135, 13.05 , 13.79 , 14.29 , 14.57 , 15.03 , 15.37 , 15.91 , 17.08 , 18.52 , 19.45 , 20.16 , 21.35 , 22.24 , 24.24 , 29.27 
male,136, 13.08 , 13.82 , 14.32 , 14.60 , 15.07 , 15.41 , 15.95 , 17.13 , 18.58 , 19.51 , 20.23 , 21.43 , 22.33 , 24.35 , 29.44 
male,137, 13.10 , 13.85 , 14.35 , 14.63 , 15.11 , 15.45 , 15.99 , 17.18 , 18.64 , 19.58 , 20.30 , 21.51 , 22.42 , 24.46 , 29.61 
male,138, 13.13 , 13.88 , 14.38 , 14.67 , 15.14 , 15.49 , 16.04 , 17.22 , 18.70 , 19.64 , 20.37 , 21.59 , 22.51 , 24.57 , 29.79 
male,139, 13.16 , 13.92 , 14.42 , 14.70 , 15.18 , 15.53 , 16.08 , 17.27 , 18.75 , 19.71 , 20.44 , 21.67 , 22.60 , 24.68 , 29.96 
male,140, 13.19 , 13.95 , 14.45 , 14.74 , 15.22 , 15.57 , 16.12 , 17.32 , 18.82 , 19.78 , 20.51 , 21.76 , 22.69 , 24.79 , 30.13 
male,141, 13.22 , 13.98 , 14.49 , 14.78 , 15.26 , 15.61 , 16.17 , 17.38 , 18.88 , 19.84 , 20.59 , 21.84 , 22.78 , 24.90 , 30.30 
male,142, 13.25 , 14.01 , 14.52 , 14.81 , 15.30 , 15.65 , 16.21 , 17.43 , 18.94 , 19.91 , 20.66 , 21.92 , 22.87 , 25.01 , 30.46 
male,143, 13.28 , 14.05 , 14.56 , 14.85 , 15.34 , 15.69 , 16.26 , 17.48 , 19.00 , 19.98 , 20.73 , 22.01 , 22.96 , 25.12 , 30.63 
male,144, 13.31 , 14.08 , 14.60 , 14.89 , 15.38 , 15.73 , 16.30 , 17.53 , 19.06 , 20.05 , 20.81 , 22.09 , 23.05 , 25.23 , 30.79 
male,145, 13.34 , 14.12 , 14.63 , 14.93 , 15.42 , 15.78 , 16.35 , 17.59 , 19.13 , 20.12 , 20.88 , 22.18 , 23.14 , 25.34 , 30.96 
male,146, 13.37 , 14.15 , 14.67 , 14.97 , 15.46 , 15.82 , 16.40 , 17.64 , 19.19 , 20.19 , 20.96 , 22.26 , 23.24 , 25.45 , 31.12 
male,147, 13.40 , 14.19 , 14.71 , 15.01 , 15.51 , 15.87 , 16.45 , 17.70 , 19.26 , 20.27 , 21.04 , 22.35 , 23.33 , 25.56 , 31.27 
male,148, 13.43 , 14.23 , 14.75 , 15.05 , 15.55 , 15.91 , 16.50 , 17.76 , 19.32 , 20.34 , 21.12 , 22.43 , 23.42 , 25.67 , 31.43 
male,149, 13.47 , 14.26 , 14.79 , 15.09 , 15.59 , 15.96 , 16.55 , 17.81 , 19.39 , 20.41 , 21.19 , 22.52 , 23.52 , 25.78 , 31.58 
male,150, 13.50 , 14.30 , 14.83 , 15.14 , 15.64 , 16.01 , 16.60 , 17.87 , 19.46 , 20.49 , 21.27 , 22.61 , 23.61 , 25.89 , 31.74 
male,151, 13.53 , 14.34 , 14.87 , 15.18 , 15.69 , 16.06 , 16.65 , 17.93 , 19.53 , 20.56 , 21.35 , 22.70 , 23.71 , 26.00 , 31.89 
male,152, 13.57 , 14.38 , 14.92 , 15.22 , 15.73 , 16.10 , 16.70 , 17.99 , 19.60 , 20.64 , 21.43 , 22.79 , 23.80 , 26.11 , 32.03 
male,153, 13.60 , 14.42 , 14.96 , 15.27 , 15.78 , 16.15 , 16.75 , 18.05 , 19.67 , 20.71 , 21.51 , 22.87 , 23.90 , 26.22 , 32.18 
male,154, 13.64 , 14.46 , 15.00 , 15.31 , 15.83 , 16.20 , 16.80 , 18.11 , 19.74 , 20.79 , 21.60 , 22.96 , 23.99 , 26.33 , 32.32 
male,155, 13.68 , 14.50 , 15.04 , 15.36 , 15.88 , 16.25 , 16.86 , 18.17 , 19.81 , 20.87 , 21.68 , 23.05 , 24.09 , 26.43 , 32.46 
male,156, 13.71 , 14.54 , 15.09 , 15.40 , 15.92 , 16.30 , 16.91 , 18.23 , 19.88 , 20.94 , 21.76 , 23.14 , 24.18 , 26.54 , 32.60 
male,157, 13.75 , 14.58 , 15.13 , 15.45 , 15.97 , 16.36 , 16.97 , 18.30 , 19.95 , 21.02 , 21.84 , 23.23 , 24.28 , 26.65 , 32.73 
male,158, 13.79 , 14.62 , 15.18 , 15.50 , 16.02 , 16.41 , 17.02 , 18.36 , 20.02 , 21.10 , 21.92 , 23.32 , 24.37 , 26.76 , 32.87 
male,159, 13.82 , 14.66 , 15.22 , 15.54 , 16.07 , 16.46 , 17.08 , 18.42 , 20.10 , 21.18 , 22.01 , 23.42 , 24.47 , 26.87 , 33.00 
male,160, 13.86 , 14.71 , 15.27 , 15.59 , 16.12 , 16.51 , 17.14 , 18.49 , 20.17 , 21.26 , 22.09 , 23.51 , 24.57 , 26.97 , 33.12 
male,161, 13.90 , 14.75 , 15.31 , 15.64 , 16.17 , 16.57 , 17.19 , 18.55 , 20.24 , 21.34 , 22.17 , 23.60 , 24.66 , 27.08 , 33.24 
male,162, 13.94 , 14.79 , 15.36 , 15.69 , 16.23 , 16.62 , 17.25 , 18.62 , 20.32 , 21.42 , 22.26 , 23.69 , 24.76 , 27.18 , 33.36 
male,163, 13.97 , 14.83 , 15.41 , 15.73 , 16.28 , 16.67 , 17.31 , 18.68 , 20.39 , 21.50 , 22.34 , 23.78 , 24.85 , 27.29 , 33.48 
male,164, 14.01 , 14.88 , 15.45 , 15.78 , 16.33 , 16.73 , 17.36 , 18.74 , 20.46 , 21.57 , 22.43 , 23.87 , 24.94 , 27.39 , 33.59 
male,165, 14.05 , 14.92 , 15.50 , 15.83 , 16.38 , 16.78 , 17.42 , 18.81 , 20.54 , 21.65 , 22.51 , 23.96 , 25.04 , 27.49 , 33.70 
male,166, 14.09 , 14.96 , 15.55 , 15.88 , 16.43 , 16.83 , 17.48 , 18.88 , 20.61 , 21.73 , 22.59 , 24.04 , 25.13 , 27.59 , 33.81 
male,167, 14.13 , 15.01 , 15.59 , 15.93 , 16.48 , 16.89 , 17.54 , 18.94 , 20.69 , 21.81 , 22.67 , 24.13 , 25.22 , 27.69 , 33.91 
male,168, 14.16 , 15.05 , 15.64 , 15.98 , 16.53 , 16.94 , 17.59 , 19.01 , 20.76 , 21.89 , 22.76 , 24.22 , 25.32 , 27.79 , 34.01 
male,169, 14.20 , 15.09 , 15.69 , 16.02 , 16.59 , 17.00 , 17.65 , 19.07 , 20.83 , 21.97 , 22.84 , 24.31 , 25.41 , 27.88 , 34.11 
male,170, 14.24 , 15.14 , 15.73 , 16.07 , 16.64 , 17.05 , 17.71 , 19.14 , 20.91 , 22.05 , 22.92 , 24.40 , 25.50 , 27.98 , 34.20 
male,171, 14.28 , 15.18 , 15.78 , 16.12 , 16.69 , 17.10 , 17.77 , 19.20 , 20.98 , 22.13 , 23.00 , 24.48 , 25.59 , 28.07 , 34.29 
male,172, 14.31 , 15.22 , 15.82 , 16.17 , 16.74 , 17.16 , 17.82 , 19.27 , 21.05 , 22.20 , 23.08 , 24.57 , 25.67 , 28.17 , 34.38 
male,173, 14.35 , 15.26 , 15.87 , 16.22 , 16.79 , 17.21 , 17.88 , 19.33 , 21.13 , 22.28 , 23.16 , 24.65 , 25.76 , 28.26 , 34.46 
male,174, 14.39 , 15.31 , 15.92 , 16.27 , 16.84 , 17.26 , 17.94 , 19.39 , 21.20 , 22.36 , 23.24 , 24.74 , 25.85 , 28.35 , 34.54 
male,175, 14.42 , 15.35 , 15.96 , 16.31 , 16.89 , 17.32 , 17.99 , 19.46 , 21.27 , 22.44 , 23.32 , 24.82 , 25.94 , 28.44 , 34.62 
male,176, 14.46 , 15.39 , 16.01 , 16.36 , 16.94 , 17.37 , 18.05 , 19.52 , 21.34 , 22.51 , 23.40 , 24.91 , 26.02 , 28.52 , 34.70 
male,177, 14.50 , 15.43 , 16.05 , 16.41 , 17.00 , 17.42 , 18.11 , 19.59 , 21.41 , 22.59 , 23.48 , 24.99 , 26.11 , 28.61 , 34.77 
male,178, 14.53 , 15.47 , 16.10 , 16.45 , 17.05 , 17.48 , 18.16 , 19.65 , 21.48 , 22.66 , 23.56 , 25.07 , 26.19 , 28.70 , 34.84 
male,179, 14.57 , 15.51 , 16.14 , 16.50 , 17.10 , 17.53 , 18.22 , 19.71 , 21.55 , 22.74 , 23.64 , 25.15 , 26.27 , 28.78 , 34.91 
male,180, 14.60 , 15.56 , 16.19 , 16.55 , 17.15 , 17.58 , 18.28 , 19.77 , 21.63 , 22.81 , 23.71 , 25.23 , 26.35 , 28.86 , 34.97 
male,181, 14.64 , 15.60 , 16.23 , 16.59 , 17.19 , 17.63 , 18.33 , 19.84 , 21.69 , 22.89 , 23.79 , 25.31 , 26.43 , 28.94 , 35.03 
male,182, 14.67 , 15.64 , 16.27 , 16.64 , 17.24 , 17.68 , 18.39 , 19.90 , 21.76 , 22.96 , 23.87 , 25.39 , 26.51 , 29.02 , 35.09 
male,183, 14.71 , 15.68 , 16.32 , 16.69 , 17.29 , 17.73 , 18.44 , 19.96 , 21.83 , 23.03 , 23.94 , 25.47 , 26.59 , 29.10 , 35.15 
male,184, 14.74 , 15.72 , 16.36 , 16.73 , 17.34 , 17.78 , 18.49 , 20.02 , 21.90 , 23.10 , 24.01 , 25.54 , 26.67 , 29.18 , 35.21 
male,185, 14.77 , 15.75 , 16.40 , 16.78 , 17.39 , 17.84 , 18.55 , 20.08 , 21.97 , 23.17 , 24.09 , 25.62 , 26.75 , 29.25 , 35.26 
male,186, 14.81 , 15.79 , 16.45 , 16.82 , 17.44 , 17.89 , 18.60 , 20.14 , 22.04 , 23.25 , 24.16 , 25.69 , 26.82 , 29.33 , 35.31 
male,187, 14.84 , 15.83 , 16.49 , 16.86 , 17.48 , 17.94 , 18.65 , 20.20 , 22.10 , 23.32 , 24.23 , 25.77 , 26.90 , 29.40 , 35.36 
male,188, 14.87 , 15.87 , 16.53 , 16.91 , 17.53 , 17.98 , 18.71 , 20.26 , 22.17 , 23.39 , 24.30 , 25.84 , 26.97 , 29.47 , 35.41 
male,189, 14.90 , 15.91 , 16.57 , 16.95 , 17.58 , 18.03 , 18.76 , 20.32 , 22.24 , 23.45 , 24.38 , 25.91 , 27.04 , 29.54 , 35.46 
male,190, 14.94 , 15.94 , 16.61 , 16.99 , 17.62 , 18.08 , 18.81 , 20.38 , 22.30 , 23.52 , 24.45 , 25.99 , 27.12 , 29.61 , 35.50 
male,191, 14.97 , 15.98 , 16.65 , 17.04 , 17.67 , 18.13 , 18.86 , 20.44 , 22.36 , 23.59 , 24.51 , 26.06 , 27.19 , 29.68 , 35.54 
male,192, 15.00 , 16.02 , 16.69 , 17.08 , 17.71 , 18.18 , 18.91 , 20.50 , 22.43 , 23.66 , 24.58 , 26.13 , 27.26 , 29.75 , 35.58 
male,193, 15.03 , 16.05 , 16.73 , 17.12 , 17.76 , 18.22 , 18.96 , 20.55 , 22.49 , 23.72 , 24.65 , 26.20 , 27.33 , 29.81 , 35.62 
male,194, 15.06 , 16.09 , 16.77 , 17.16 , 17.80 , 18.27 , 19.01 , 20.61 , 22.55 , 23.79 , 24.72 , 26.26 , 27.40 , 29.88 , 35.66 
male,195, 15.09 , 16.12 , 16.81 , 17.20 , 17.85 , 18.32 , 19.06 , 20.66 , 22.62 , 23.85 , 24.78 , 26.33 , 27.46 , 29.94 , 35.69 
male,196, 15.11 , 16.16 , 16.85 , 17.24 , 17.89 , 18.36 , 19.11 , 20.72 , 22.68 , 23.92 , 24.85 , 26.40 , 27.53 , 30.00 , 35.73 
male,197, 15.14 , 16.19 , 16.88 , 17.28 , 17.93 , 18.41 , 19.16 , 20.77 , 22.74 , 23.98 , 24.91 , 26.46 , 27.59 , 30.06 , 35.76 
male,198, 15.17 , 16.22 , 16.92 , 17.32 , 17.98 , 18.45 , 19.21 , 20.83 , 22.80 , 24.04 , 24.98 , 26.53 , 27.66 , 30.12 , 35.79 
male,199, 15.20 , 16.26 , 16.96 , 17.36 , 18.02 , 18.50 , 19.26 , 20.88 , 22.86 , 24.10 , 25.04 , 26.59 , 27.72 , 30.18 , 35.82 
male,200, 15.22 , 16.29 , 16.99 , 17.40 , 18.06 , 18.54 , 19.30 , 20.94 , 22.92 , 24.17 , 25.10 , 26.65 , 27.78 , 30.24 , 35.85 
male,201, 15.25 , 16.32 , 17.03 , 17.43 , 18.10 , 18.58 , 19.35 , 20.99 , 22.97 , 24.23 , 25.16 , 26.72 , 27.84 , 30.30 , 35.88 
male,202, 15.27 , 16.35 , 17.06 , 17.47 , 18.14 , 18.62 , 19.40 , 21.04 , 23.03 , 24.29 , 25.23 , 26.78 , 27.90 , 30.35 , 35.90 
male,203, 15.30 , 16.38 , 17.10 , 17.51 , 18.18 , 18.67 , 19.44 , 21.09 , 23.09 , 24.34 , 25.28 , 26.84 , 27.96 , 30.41 , 35.92 
male,204, 15.32 , 16.41 , 17.13 , 17.54 , 18.22 , 18.71 , 19.49 , 21.14 , 23.15 , 24.40 , 25.34 , 26.90 , 28.02 , 30.46 , 35.95 
male,205, 15.34 , 16.44 , 17.17 , 17.58 , 18.26 , 18.75 , 19.53 , 21.19 , 23.20 , 24.46 , 25.40 , 26.95 , 28.08 , 30.51 , 35.97 
male,206, 15.37 , 16.47 , 17.20 , 17.61 , 18.30 , 18.79 , 19.57 , 21.24 , 23.26 , 24.52 , 25.46 , 27.01 , 28.14 , 30.56 , 35.99 
male,207, 15.39 , 16.50 , 17.23 , 17.65 , 18.33 , 18.83 , 19.62 , 21.29 , 23.31 , 24.57 , 25.52 , 27.07 , 28.19 , 30.61 , 36.01 
male,208, 15.41 , 16.53 , 17.26 , 17.68 , 18.37 , 18.87 , 19.66 , 21.34 , 23.36 , 24.63 , 25.57 , 27.12 , 28.25 , 30.66 , 36.02 
male,209, 15.43 , 16.55 , 17.29 , 17.71 , 18.41 , 18.91 , 19.70 , 21.39 , 23.42 , 24.68 , 25.63 , 27.18 , 28.30 , 30.71 , 36.04 
male,210, 15.45 , 16.58 , 17.32 , 17.75 , 18.44 , 18.94 , 19.74 , 21.44 , 23.47 , 24.74 , 25.68 , 27.23 , 28.35 , 30.75 , 36.06 
male,211, 15.47 , 16.61 , 17.35 , 17.78 , 18.48 , 18.98 , 19.78 , 21.48 , 23.52 , 24.79 , 25.74 , 27.29 , 28.40 , 30.80 , 36.07 
male,212, 15.49 , 16.63 , 17.38 , 17.81 , 18.51 , 19.02 , 19.82 , 21.53 , 23.57 , 24.84 , 25.79 , 27.34 , 28.45 , 30.84 , 36.08 
male,213, 15.51 , 16.66 , 17.41 , 17.84 , 18.55 , 19.06 , 19.86 , 21.57 , 23.62 , 24.90 , 25.84 , 27.39 , 28.50 , 30.89 , 36.10 
male,214, 15.53 , 16.68 , 17.44 , 17.87 , 18.58 , 19.09 , 19.90 , 21.62 , 23.67 , 24.95 , 25.89 , 27.44 , 28.55 , 30.93 , 36.11 
male,215, 15.55 , 16.71 , 17.47 , 17.90 , 18.61 , 19.13 , 19.94 , 21.66 , 23.72 , 25.00 , 25.94 , 27.49 , 28.60 , 30.97 , 36.12 
male,216, 15.56 , 16.73 , 17.50 , 17.93 , 18.65 , 19.16 , 19.98 , 21.71 , 23.77 , 25.05 , 25.99 , 27.54 , 28.65 , 31.01 , 36.12 
male,217, 15.58 , 16.75 , 17.52 , 17.96 , 18.68 , 19.20 , 20.02 , 21.75 , 23.82 , 25.09 , 26.04 , 27.59 , 28.69 , 31.05 , 36.13 
male,218, 15.60 , 16.78 , 17.55 , 17.99 , 18.71 , 19.23 , 20.06 , 21.79 , 23.86 , 25.14 , 26.09 , 27.63 , 28.74 , 31.08 , 36.14 
male,219, 15.61 , 16.80 , 17.58 , 18.02 , 18.74 , 19.26 , 20.09 , 21.84 , 23.91 , 25.19 , 26.14 , 27.68 , 28.78 , 31.12 , 36.14 
male,220, 15.62 , 16.82 , 17.60 , 18.04 , 18.77 , 19.30 , 20.13 , 21.88 , 23.95 , 25.24 , 26.19 , 27.73 , 28.83 , 31.16 , 36.15 
male,221, 15.64 , 16.84 , 17.62 , 18.07 , 18.80 , 19.33 , 20.16 , 21.92 , 24.00 , 25.28 , 26.23 , 27.77 , 28.87 , 31.19 , 36.15 
male,222, 15.65 , 16.86 , 17.65 , 18.10 , 18.83 , 19.36 , 20.20 , 21.96 , 24.04 , 25.33 , 26.28 , 27.81 , 28.91 , 31.22 , 36.15 
male,223, 15.66 , 16.88 , 17.67 , 18.12 , 18.86 , 19.39 , 20.23 , 22.00 , 24.09 , 25.37 , 26.32 , 27.86 , 28.95 , 31.26 , 36.15 
male,224, 15.68 , 16.90 , 17.69 , 18.15 , 18.89 , 19.42 , 20.27 , 22.04 , 24.13 , 25.42 , 26.36 , 27.90 , 28.99 , 31.29 , 36.15 
male,225, 15.69 , 16.91 , 17.72 , 18.17 , 18.92 , 19.45 , 20.30 , 22.08 , 24.17 , 25.46 , 26.41 , 27.94 , 29.03 , 31.32 , 36.15 
male,226, 15.70 , 16.93 , 17.74 , 18.20 , 18.94 , 19.48 , 20.33 , 22.11 , 24.21 , 25.50 , 26.45 , 27.98 , 29.07 , 31.35 , 36.15 
male,227, 15.71 , 16.95 , 17.76 , 18.22 , 18.97 , 19.51 , 20.36 , 22.15 , 24.26 , 25.54 , 26.49 , 28.02 , 29.10 , 31.38 , 36.15 
male,228, 15.72 , 16.96 , 17.78 , 18.24 , 19.00 , 19.54 , 20.40 , 22.19 , 24.30 , 25.58 , 26.53 , 28.06 , 29.14 , 31.41 , 36.14 
